student_id,CCH_PRE_Q1,CCH_PRE_Q2,CCH_PRE_Q3,CCH_PRE_Q4,CCH_PRE_Q5,CCH_PRE_Q6,CCH_PRE_Q7,CCH_PRE_Q8,CCH_PRE_Q9,CCH_PRE_Q10,CCH_PRE_Q11,CCA_PRE_Q1,CCA_PRE_Q2,CCA_PRE_Q3,CCA_PRE_Q4,CCA_PRE_Q5,CCA_PRE_Q6,CCA_PRE_Q7,CCA_PRE_Q8,CCA_PRE_Q9,CCA_PRE_Q10,CCA_PRE_Q11,CCA_PRE_Q12,CCA_PRE_Q13,BI_PRE_Q1,BI_PRE_Q2,BI_PRE_Q3,BI_PRE_Q4,BI_PRE_Q5,BI_PRE_Q6,BI_PRE_Q7,BI_PRE_Q8,Hope_PRE_slider,Agency_PRE_slider,CCH_POST_Q1,CCH_POST_Q2,CCH_POST_Q3,CCH_POST_Q4,CCH_POST_Q5,CCH_POST_Q6,CCH_POST_Q7,CCH_POST_Q8,CCH_POST_Q9,CCH_POST_Q10,CCH_POST_Q11,CCA_POST_Q1,CCA_POST_Q2,CCA_POST_Q3,CCA_POST_Q4,CCA_POST_Q5,CCA_POST_Q6,CCA_POST_Q7,CCA_POST_Q8,CCA_POST_Q9,CCA_POST_Q10,CCA_POST_Q11,CCA_POST_Q12,CCA_POST_Q13,BI_POST_Q1,BI_POST_Q2,BI_POST_Q3,BI_POST_Q4,BI_POST_Q5,BI_POST_Q6,BI_POST_Q7,BI_POST_Q8,Hope_POST_slider,Agency_POST_slider
3,5.0,4.0,4.0,6.0,4.0,5.0,4.0,6.0,5.0,4.0,5.0,2.0,1.0,1.0,1.0,2.0,1.0,1.0,1.0,2.0,1.0,2.0,2.0,1.0,3.0,3.0,2.0,4.0,1.0,2.0,1.0,1.0,35.0,20.0,4.0,3.0,3.0,4.0,3.0,3.0,3.0,6.0,5.0,5.0,6.0,3.0,1.0,1.0,1.0,2.0,1.0,1.0,1.0,2.0,1.0,3.0,3.0,1.0,3.0,3.0,2.0,4.0,1.0,2.0,1.0,1.0,20.0,10.0
4,5.0,5.0,6.0,6.0,4.0,5.0,5.0,5.0,4.0,3.0,4.0,1.0,1.0,1.0,1.0,2.0,1.0,1.0,2.0,1.0,1.0,1.0,1.0,1.0,2.0,3.0,2.0,1.0,1.0,1.0,1.0,1.0,30.0,20.0,4.0,4.0,4.0,3.0,3.0,3.0,4.0,6.0,5.0,5.0,5.0,1.0,2.0,1.0,1.0,2.0,2.0,1.0,2.0,1.0,1.0,2.0,2.0,1.0,3.0,3.0,2.0,1.0,1.0,1.0,1.0,1.0,20.0,10.0
6,5.0,4.0,4.0,3.0,2.0,3.0,3.0,6.0,5.0,6.0,5.0,3.0,1.0,1.0,1.0,3.0,2.0,1.0,3.0,2.0,1.0,3.0,3.0,4.0,3.0,3.0,3.0,4.0,2.0,2.0,1.0,1.0,30.0,20.0,4.0,3.0,3.0,3.0,2.0,3.0,3.0,6.0,5.0,6.0,5.0,4.0,1.0,1.0,1.0,4.0,2.0,1.0,4.0,3.0,1.0,4.0,4.0,4.0,4.0,3.0,3.0,4.0,2.0,2.0,1.0,1.0,20.0,10.0
10,5.0,4.0,5.0,6.0,3.0,4.0,4.0,6.0,5.0,5.0,5.0,2.0,1.0,1.0,1.0,2.0,2.0,1.0,1.0,1.0,1.0,1.0,1.0,1.0,3.0,2.0,1.0,3.0,1.0,1.0,1.0,1.0,30.0,20.0,5.0,4.0,5.0,6.0,3.0,3.0,3.0,6.0,5.0,6.0,6.0,2.0,1.0,1.0,1.0,2.0,2.0,1.0,1.0,1.0,1.0,1.0,1.0,1.0,3.0,2.0,1.0,3.0,1.0,1.0,1.0,1.0,20.0,10.0
11,5.0,4.0,5.0,6.0,3.0,4.0,3.0,6.0,5.0,4.0,5.0,2.0,2.0,1.0,1.0,2.0,1.0,1.0,2.0,1.0,1.0,2.0,2.0,1.0,2.0,3.0,2.0,1.0,1.0,1.0,1.0,1.0,30.0,20.0,4.0,3.0,4.0,5.0,3.0,4.0,3.0,5.0,5.0,4.0,4.0,3.0,2.0,1.0,1.0,3.0,2.0,1.0,2.0,1.0,1.0,2.0,2.0,1.0,3.0,3.0,2.0,2.0,1.0,1.0,1.0,1.0,35.0,25.0
13,5.0,4.0,3.0,5.0,2.0,4.0,4.0,6.0,6.0,7.0,6.0,1.0,2.0,1.0,1.0,2.0,2.0,1.0,1.0,1.0,1.0,2.0,2.0,1.0,3.0,1.0,2.0,2.0,1.0,1.0,1.0,1.0,20.0,10.0,4.0,3.0,3.0,4.0,2.0,3.0,4.0,6.0,6.0,7.0,6.0,1.0,2.0,1.0,1.0,2.0,2.0,1.0,1.0,1.0,1.0,2.0,2.0,1.0,3.0,1.0,2.0,2.0,1.0,1.0,1.0,1.0,15.0,5.0
15,5.0,5.0,4.0,6.0,4.0,5.0,5.0,2.0,3.0,3.0,3.0,3.0,2.0,1.0,1.0,2.0,1.0,1.0,2.0,1.0,1.0,2.0,3.0,2.0,3.0,2.0,2.0,3.0,1.0,1.0,1.0,1.0,30.0,20.0,3.0,3.0,2.0,2.0,2.0,2.0,2.0,1.0,2.0,1.0,2.0,5.0,4.0,2.0,3.0,4.0,4.0,3.0,5.0,4.0,3.0,5.0,5.0,5.0,4.0,3.0,4.0,3.0,3.0,3.0,2.0,2.0,40.0,30.0
18,5.0,4.0,3.0,5.0,3.0,4.0,5.0,5.0,6.0,4.0,3.0,1.0,1.0,1.0,1.0,2.0,1.0,1.0,1.0,1.0,1.0,1.0,1.0,1.0,2.0,1.0,1.0,1.0,1.0,1.0,1.0,1.0,30.0,20.0,4.0,3.0,2.0,4.0,2.0,2.0,3.0,6.0,6.0,5.0,5.0,2.0,2.0,1.0,1.0,3.0,1.0,1.0,2.0,2.0,1.0,2.0,2.0,1.0,3.0,2.0,2.0,1.0,2.0,1.0,1.0,1.0,20.0,10.0
21,5.0,4.0,4.0,5.0,3.0,4.0,5.0,6.0,6.0,5.0,5.0,2.0,2.0,1.0,1.0,2.0,1.0,1.0,2.0,1.0,1.0,1.0,1.0,1.0,3.0,2.0,2.0,3.0,1.0,1.0,1.0,1.0,30.0,20.0,3.0,3.0,2.0,3.0,2.0,2.0,3.0,7.0,7.0,6.0,7.0,3.0,3.0,2.0,2.0,3.0,2.0,1.0,3.0,2.0,1.0,3.0,3.0,2.0,4.0,3.0,3.0,4.0,1.0,2.0,1.0,1.0,15.0,5.0
25,5.0,4.0,5.0,6.0,3.0,5.0,4.0,6.0,5.0,4.0,5.0,2.0,2.0,1.0,1.0,2.0,1.0,1.0,2.0,1.0,1.0,1.0,2.0,1.0,3.0,3.0,2.0,4.0,1.0,2.0,1.0,1.0,45.0,30.0,4.0,3.0,3.0,4.0,2.0,3.0,2.0,6.0,5.0,6.0,5.0,3.0,2.0,1.0,1.0,3.0,1.0,1.0,2.0,1.0,1.0,2.0,2.0,1.0,3.0,3.0,2.0,4.0,1.0,2.0,1.0,1.0,35.0,20.0
26,4.0,5.0,4.0,5.0,3.0,4.0,5.0,6.0,5.0,6.0,5.0,2.0,1.0,1.0,1.0,2.0,1.0,1.0,1.0,2.0,1.0,2.0,2.0,3.0,3.0,2.0,3.0,1.0,1.0,1.0,1.0,1.0,35.0,20.0,4.0,4.0,3.0,4.0,3.0,3.0,4.0,6.0,5.0,6.0,4.0,3.0,2.0,1.0,1.0,3.0,2.0,1.0,2.0,2.0,1.0,2.0,2.0,3.0,3.0,2.0,3.0,2.0,1.0,2.0,1.0,1.0,40.0,25.0
30,5.0,4.0,4.0,6.0,3.0,4.0,4.0,6.0,5.0,5.0,5.0,2.0,1.0,1.0,1.0,2.0,1.0,1.0,1.0,1.0,1.0,1.0,1.0,1.0,3.0,2.0,2.0,1.0,1.0,1.0,1.0,1.0,30.0,20.0,4.0,3.0,3.0,4.0,2.0,3.0,3.0,6.0,5.0,6.0,5.0,2.0,1.0,1.0,1.0,3.0,1.0,1.0,1.0,1.0,1.0,1.0,1.0,1.0,3.0,2.0,2.0,1.0,1.0,1.0,1.0,1.0,25.0,15.0
34,5.0,4.0,4.0,6.0,3.0,4.0,5.0,5.0,5.0,4.0,4.0,2.0,1.0,1.0,1.0,2.0,1.0,1.0,2.0,1.0,1.0,1.0,1.0,1.0,3.0,2.0,3.0,2.0,1.0,1.0,1.0,1.0,30.0,20.0,4.0,3.0,3.0,6.0,3.0,4.0,5.0,4.0,5.0,5.0,5.0,2.0,1.0,1.0,1.0,2.0,1.0,1.0,2.0,1.0,1.0,1.0,1.0,1.0,3.0,2.0,3.0,2.0,1.0,1.0,1.0,1.0,25.0,15.0
35,5.0,3.0,2.0,3.0,2.0,2.0,3.0,6.0,5.0,6.0,5.0,3.0,2.0,1.0,1.0,3.0,1.0,1.0,2.0,1.0,1.0,3.0,3.0,1.0,2.0,1.0,1.0,1.0,1.0,1.0,1.0,1.0,10.0,5.0,4.0,3.0,2.0,3.0,2.0,2.0,3.0,6.0,5.0,6.0,5.0,4.0,3.0,1.0,1.0,4.0,2.0,1.0,3.0,2.0,1.0,4.0,4.0,1.0,3.0,1.0,2.0,1.0,1.0,1.0,1.0,1.0,5.0,2.0
42,5.0,4.0,5.0,3.0,2.0,4.0,4.0,6.0,5.0,6.0,5.0,1.0,1.0,1.0,1.0,2.0,1.0,1.0,2.0,1.0,1.0,1.0,1.0,1.0,3.0,2.0,1.0,1.0,1.0,1.0,1.0,1.0,20.0,10.0,3.0,3.0,3.0,2.0,2.0,3.0,3.0,6.0,5.0,6.0,5.0,1.0,1.0,1.0,1.0,3.0,1.0,1.0,2.0,1.0,1.0,1.0,1.0,1.0,3.0,2.0,1.0,1.0,1.0,1.0,1.0,1.0,15.0,5.0
44,4.0,3.0,2.0,2.0,2.0,3.0,2.0,6.0,5.0,6.0,5.0,2.0,3.0,1.0,1.0,2.0,1.0,1.0,2.0,1.0,1.0,2.0,2.0,1.0,2.0,1.0,1.0,1.0,1.0,1.0,1.0,1.0,15.0,5.0,3.0,2.0,2.0,2.0,2.0,3.0,2.0,6.0,5.0,6.0,5.0,2.0,3.0,1.0,1.0,2.0,1.0,1.0,2.0,1.0,1.0,2.0,2.0,1.0,2.0,1.0,1.0,1.0,1.0,1.0,1.0,1.0,10.0,0.0
46,5.0,5.0,4.0,5.0,3.0,4.0,4.0,6.0,5.0,4.0,4.0,2.0,3.0,1.0,1.0,2.0,1.0,1.0,2.0,1.0,1.0,1.0,1.0,1.0,3.0,3.0,2.0,2.0,1.0,2.0,1.0,1.0,30.0,20.0,4.0,3.0,3.0,4.0,2.0,3.0,3.0,6.0,5.0,5.0,5.0,3.0,2.0,1.0,1.0,2.0,1.0,1.0,2.0,1.0,1.0,1.0,1.0,1.0,3.0,2.0,2.0,1.0,1.0,1.0,1.0,1.0,20.0,10.0
49,4.0,5.0,4.0,6.0,3.0,4.0,4.0,6.0,5.0,5.0,5.0,2.0,2.0,1.0,1.0,2.0,1.0,1.0,1.0,1.0,1.0,1.0,1.0,1.0,3.0,2.0,1.0,1.0,1.0,1.0,1.0,1.0,30.0,20.0,4.0,4.0,3.0,5.0,3.0,4.0,4.0,6.0,5.0,5.0,4.0,2.0,2.0,1.0,1.0,2.0,1.0,1.0,1.0,1.0,1.0,1.0,1.0,1.0,3.0,2.0,2.0,1.0,1.0,1.0,1.0,1.0,35.0,25.0
50,5.0,5.0,6.0,6.0,4.0,5.0,5.0,3.0,3.0,2.0,3.0,1.0,1.0,1.0,1.0,1.0,1.0,1.0,1.0,1.0,1.0,1.0,1.0,1.0,2.0,1.0,1.0,1.0,1.0,1.0,1.0,1.0,20.0,10.0,4.0,3.0,3.0,2.0,2.0,3.0,3.0,5.0,4.0,5.0,4.0,2.0,2.0,1.0,1.0,2.0,1.0,1.0,1.0,2.0,1.0,2.0,2.0,1.0,2.0,1.0,1.0,1.0,1.0,1.0,1.0,1.0,10.0,5.0
52,5.0,5.0,4.0,6.0,4.0,5.0,5.0,4.0,4.0,3.0,3.0,3.0,2.0,1.0,1.0,3.0,2.0,1.0,2.0,1.0,1.0,1.0,1.0,1.0,3.0,3.0,2.0,4.0,1.0,2.0,1.0,1.0,45.0,30.0,4.0,3.0,3.0,5.0,3.0,4.0,4.0,5.0,5.0,4.0,4.0,4.0,3.0,1.0,2.0,4.0,3.0,1.0,3.0,2.0,1.0,2.0,3.0,2.0,4.0,4.0,3.0,5.0,2.0,2.0,1.0,1.0,30.0,20.0
58,5.0,4.0,3.0,5.0,3.0,4.0,4.0,6.0,5.0,4.0,5.0,2.0,1.0,1.0,1.0,2.0,1.0,1.0,2.0,1.0,1.0,1.0,1.0,1.0,3.0,2.0,1.0,1.0,1.0,1.0,1.0,1.0,30.0,20.0,4.0,3.0,3.0,4.0,3.0,4.0,4.0,5.0,4.0,3.0,4.0,2.0,2.0,1.0,1.0,3.0,2.0,1.0,3.0,2.0,1.0,2.0,2.0,1.0,4.0,3.0,2.0,2.0,1.0,1.0,1.0,1.0,45.0,35.0
60,4.0,3.0,2.0,4.0,2.0,3.0,4.0,6.0,5.0,7.0,6.0,1.0,3.0,1.0,1.0,4.0,3.0,1.0,3.0,2.0,1.0,3.0,3.0,1.0,2.0,1.0,2.0,1.0,3.0,1.0,1.0,1.0,15.0,5.0,3.0,2.0,1.0,2.0,1.0,1.0,2.0,7.0,6.0,7.0,7.0,4.0,4.0,1.0,1.0,5.0,4.0,1.0,4.0,3.0,1.0,4.0,4.0,1.0,2.0,1.0,2.0,1.0,3.0,1.0,1.0,1.0,5.0,1.0
67,4.0,3.0,2.0,3.0,2.0,3.0,4.0,6.0,5.0,6.0,5.0,2.0,3.0,1.0,1.0,2.0,1.0,1.0,1.0,2.0,1.0,2.0,3.0,1.0,2.0,1.0,2.0,1.0,1.0,1.0,1.0,1.0,10.0,5.0,4.0,3.0,2.0,3.0,2.0,3.0,4.0,6.0,5.0,6.0,5.0,2.0,3.0,1.0,1.0,2.0,1.0,1.0,1.0,2.0,1.0,2.0,3.0,1.0,2.0,1.0,2.0,1.0,1.0,1.0,1.0,1.0,10.0,5.0
68,5.0,4.0,4.0,6.0,3.0,4.0,5.0,5.0,4.0,2.0,3.0,1.0,1.0,1.0,1.0,2.0,1.0,1.0,1.0,1.0,1.0,1.0,1.0,1.0,3.0,1.0,1.0,2.0,1.0,1.0,1.0,1.0,30.0,20.0,4.0,3.0,3.0,4.0,2.0,3.0,4.0,6.0,5.0,5.0,4.0,2.0,2.0,1.0,1.0,3.0,2.0,1.0,2.0,2.0,1.0,2.0,2.0,2.0,4.0,2.0,2.0,3.0,1.0,1.0,1.0,1.0,20.0,10.0
70,5.0,5.0,4.0,5.0,4.0,5.0,5.0,3.0,2.0,2.0,3.0,2.0,2.0,1.0,1.0,2.0,1.0,1.0,1.0,1.0,1.0,1.0,1.0,1.0,4.0,3.0,3.0,4.0,1.0,3.0,1.0,1.0,60.0,50.0,5.0,5.0,4.0,5.0,4.0,5.0,5.0,3.0,2.0,2.0,3.0,2.0,2.0,1.0,1.0,2.0,1.0,1.0,1.0,1.0,1.0,1.0,1.0,1.0,4.0,4.0,3.0,4.0,1.0,3.0,1.0,1.0,65.0,55.0
71,4.0,3.0,2.0,3.0,2.0,3.0,2.0,6.0,5.0,5.0,5.0,1.0,1.0,1.0,1.0,2.0,1.0,1.0,1.0,1.0,1.0,1.0,1.0,1.0,2.0,1.0,1.0,1.0,1.0,1.0,1.0,1.0,15.0,5.0,3.0,2.0,2.0,2.0,1.0,2.0,1.0,7.0,6.0,7.0,6.0,1.0,1.0,1.0,1.0,2.0,1.0,1.0,1.0,1.0,1.0,1.0,1.0,1.0,1.0,1.0,1.0,1.0,1.0,1.0,1.0,1.0,1.0,1.0
72,5.0,4.0,5.0,6.0,3.0,5.0,5.0,4.0,3.0,2.0,2.0,1.0,1.0,1.0,1.0,2.0,1.0,1.0,1.0,1.0,1.0,1.0,1.0,1.0,2.0,1.0,1.0,1.0,1.0,1.0,1.0,1.0,30.0,20.0,4.0,3.0,5.0,5.0,4.0,5.0,5.0,5.0,4.0,3.0,3.0,2.0,1.0,1.0,1.0,2.0,1.0,1.0,2.0,1.0,1.0,1.0,1.0,1.0,3.0,2.0,2.0,2.0,1.0,1.0,1.0,1.0,40.0,30.0
74,4.0,3.0,2.0,3.0,2.0,3.0,2.0,6.0,5.0,6.0,5.0,2.0,1.0,1.0,1.0,2.0,1.0,1.0,2.0,2.0,1.0,2.0,2.0,1.0,2.0,1.0,1.0,1.0,1.0,1.0,1.0,1.0,10.0,5.0,4.0,3.0,2.0,3.0,2.0,3.0,2.0,6.0,5.0,6.0,5.0,2.0,1.0,1.0,1.0,2.0,1.0,1.0,2.0,2.0,1.0,2.0,2.0,1.0,2.0,1.0,1.0,1.0,1.0,1.0,1.0,1.0,12.0,7.0
78,5.0,4.0,4.0,5.0,3.0,4.0,4.0,5.0,4.0,3.0,4.0,2.0,1.0,1.0,1.0,2.0,1.0,1.0,2.0,1.0,1.0,1.0,1.0,1.0,2.0,2.0,1.0,1.0,1.0,1.0,1.0,1.0,30.0,20.0,4.0,3.0,3.0,4.0,3.0,3.0,3.0,6.0,5.0,4.0,5.0,3.0,2.0,1.0,1.0,3.0,1.0,1.0,2.0,1.0,1.0,2.0,2.0,1.0,3.0,3.0,2.0,2.0,1.0,1.0,1.0,1.0,25.0,25.0
82,5.0,4.0,5.0,6.0,4.0,5.0,4.0,6.0,3.0,2.0,5.0,2.0,1.0,1.0,1.0,2.0,1.0,1.0,1.0,1.0,1.0,1.0,1.0,1.0,2.0,3.0,1.0,3.0,1.0,1.0,1.0,1.0,30.0,20.0,4.0,3.0,3.0,2.0,2.0,3.0,3.0,7.0,6.0,6.0,6.0,2.0,2.0,1.0,1.0,3.0,2.0,1.0,2.0,1.0,1.0,1.0,1.0,1.0,3.0,3.0,1.0,3.0,1.0,1.0,1.0,1.0,20.0,10.0
84,4.0,3.0,2.0,5.0,2.0,3.0,4.0,6.0,5.0,5.0,6.0,1.0,1.0,1.0,1.0,2.0,1.0,1.0,1.0,1.0,1.0,1.0,1.0,1.0,2.0,1.0,1.0,1.0,1.0,1.0,1.0,1.0,10.0,5.0,3.0,3.0,2.0,5.0,2.0,3.0,4.0,6.0,6.0,5.0,6.0,1.0,1.0,1.0,1.0,2.0,1.0,1.0,1.0,1.0,1.0,1.0,1.0,1.0,2.0,1.0,1.0,1.0,1.0,1.0,1.0,1.0,5.0,2.0
100,5.0,4.0,5.0,6.0,3.0,5.0,4.0,5.0,4.0,4.0,5.0,2.0,1.0,1.0,1.0,2.0,1.0,1.0,1.0,1.0,2.0,1.0,1.0,1.0,3.0,2.0,1.0,2.0,1.0,1.0,1.0,1.0,30.0,20.0,4.0,3.0,3.0,4.0,2.0,3.0,3.0,6.0,5.0,5.0,6.0,3.0,3.0,1.0,1.0,3.0,2.0,1.0,2.0,1.0,2.0,2.0,2.0,1.0,3.0,2.0,2.0,3.0,1.0,1.0,1.0,1.0,20.0,10.0
106,5.0,4.0,5.0,6.0,3.0,5.0,4.0,5.0,4.0,3.0,4.0,1.0,1.0,1.0,1.0,1.0,1.0,1.0,1.0,1.0,1.0,1.0,1.0,1.0,2.0,1.0,1.0,1.0,1.0,1.0,1.0,1.0,30.0,20.0,4.0,3.0,5.0,5.0,3.0,4.0,3.0,6.0,5.0,4.0,5.0,2.0,2.0,1.0,1.0,1.0,1.0,1.0,2.0,1.0,1.0,1.0,1.0,1.0,2.0,1.0,1.0,1.0,1.0,1.0,1.0,1.0,25.0,15.0
114,4.0,4.0,3.0,2.0,3.0,4.0,4.0,6.0,5.0,5.0,5.0,1.0,1.0,1.0,1.0,2.0,1.0,1.0,1.0,1.0,1.0,1.0,1.0,1.0,2.0,1.0,1.0,2.0,1.0,1.0,1.0,1.0,20.0,10.0,3.0,3.0,2.0,2.0,2.0,3.0,3.0,6.0,5.0,6.0,6.0,1.0,1.0,1.0,1.0,2.0,1.0,1.0,1.0,1.0,1.0,1.0,1.0,1.0,2.0,1.0,1.0,2.0,1.0,1.0,1.0,1.0,15.0,5.0
117,5.0,4.0,4.0,3.0,4.0,5.0,5.0,5.0,4.0,4.0,4.0,2.0,1.0,1.0,1.0,2.0,1.0,1.0,2.0,1.0,1.0,1.0,1.0,1.0,3.0,2.0,1.0,1.0,1.0,1.0,1.0,1.0,30.0,20.0,4.0,3.0,2.0,2.0,3.0,4.0,4.0,6.0,5.0,5.0,5.0,3.0,2.0,1.0,1.0,3.0,1.0,1.0,2.0,2.0,1.0,2.0,2.0,1.0,3.0,2.0,2.0,2.0,1.0,1.0,1.0,1.0,20.0,10.0
118,5.0,4.0,5.0,6.0,3.0,4.0,4.0,2.0,2.0,1.0,3.0,1.0,1.0,1.0,1.0,1.0,1.0,1.0,1.0,1.0,1.0,1.0,1.0,1.0,2.0,1.0,1.0,1.0,1.0,1.0,1.0,1.0,30.0,20.0,4.0,3.0,4.0,3.0,2.0,3.0,3.0,4.0,5.0,5.0,4.0,2.0,2.0,1.0,1.0,2.0,2.0,1.0,1.0,2.0,1.0,2.0,2.0,1.0,3.0,2.0,1.0,2.0,1.0,1.0,1.0,1.0,20.0,10.0
119,5.0,4.0,6.0,6.0,5.0,5.0,4.0,4.0,3.0,2.0,4.0,2.0,1.0,1.0,1.0,2.0,2.0,1.0,2.0,1.0,1.0,1.0,1.0,1.0,2.0,1.0,2.0,3.0,1.0,1.0,1.0,1.0,35.0,20.0,4.0,3.0,3.0,4.0,3.0,3.0,3.0,5.0,5.0,4.0,5.0,3.0,2.0,1.0,1.0,3.0,2.0,1.0,3.0,2.0,1.0,2.0,2.0,1.0,3.0,2.0,3.0,3.0,1.0,1.0,1.0,1.0,25.0,10.0
121,3.0,2.0,1.0,2.0,2.0,3.0,2.0,6.0,5.0,7.0,6.0,4.0,3.0,1.0,2.0,4.0,3.0,1.0,2.0,3.0,1.0,4.0,3.0,2.0,2.0,1.0,1.0,2.0,1.0,1.0,1.0,1.0,5.0,2.0,4.0,3.0,2.0,3.0,2.0,4.0,3.0,5.0,4.0,6.0,5.0,5.0,4.0,1.0,3.0,5.0,4.0,1.0,3.0,4.0,1.0,5.0,4.0,3.0,3.0,2.0,2.0,2.0,2.0,1.0,1.0,1.0,10.0,5.0
123,4.0,3.0,2.0,3.0,2.0,2.0,1.0,6.0,6.0,7.0,6.0,4.0,3.0,2.0,1.0,4.0,3.0,1.0,3.0,3.0,2.0,4.0,3.0,4.0,3.0,2.0,3.0,2.0,1.0,1.0,1.0,1.0,10.0,5.0,3.0,2.0,2.0,2.0,1.0,1.0,1.0,7.0,6.0,7.0,6.0,5.0,4.0,2.0,1.0,5.0,3.0,1.0,4.0,4.0,2.0,5.0,3.0,4.0,3.0,2.0,3.0,1.0,2.0,1.0,1.0,1.0,5.0,2.0
128,5.0,4.0,3.0,5.0,2.0,4.0,3.0,6.0,5.0,6.0,5.0,3.0,2.0,1.0,1.0,3.0,3.0,1.0,4.0,1.0,1.0,3.0,3.0,2.0,4.0,3.0,3.0,4.0,1.0,2.0,1.0,1.0,35.0,20.0,4.0,3.0,2.0,3.0,2.0,3.0,3.0,6.0,5.0,6.0,5.0,4.0,3.0,1.0,2.0,4.0,4.0,1.0,5.0,2.0,1.0,4.0,4.0,2.0,3.0,2.0,2.0,3.0,1.0,1.0,1.0,1.0,20.0,10.0
130,5.0,4.0,3.0,5.0,3.0,4.0,4.0,6.0,5.0,5.0,5.0,3.0,2.0,1.0,1.0,2.0,1.0,1.0,2.0,2.0,1.0,3.0,3.0,2.0,3.0,2.0,2.0,1.0,1.0,2.0,1.0,1.0,25.0,10.0,4.0,3.0,2.0,3.0,2.0,3.0,3.0,6.0,5.0,6.0,6.0,4.0,2.0,1.0,1.0,3.0,1.0,1.0,2.0,3.0,1.0,4.0,4.0,2.0,3.0,2.0,2.0,1.0,1.0,2.0,1.0,1.0,15.0,5.0
131,5.0,4.0,4.0,6.0,3.0,4.0,4.0,6.0,5.0,4.0,5.0,2.0,1.0,1.0,1.0,2.0,1.0,1.0,2.0,1.0,1.0,1.0,1.0,2.0,3.0,2.0,1.0,3.0,1.0,1.0,1.0,1.0,30.0,20.0,2.0,2.0,1.0,1.0,2.0,1.0,2.0,7.0,6.0,7.0,7.0,4.0,3.0,2.0,2.0,5.0,4.0,2.0,3.0,3.0,1.0,3.0,4.0,4.0,4.0,3.0,3.0,2.0,1.0,2.0,1.0,1.0,5.0,5.0
132,4.0,3.0,4.0,5.0,3.0,4.0,3.0,6.0,5.0,5.0,5.0,3.0,2.0,1.0,1.0,3.0,2.0,1.0,2.0,3.0,1.0,3.0,3.0,4.0,3.0,2.0,2.0,1.0,1.0,1.0,1.0,1.0,20.0,10.0,3.0,3.0,3.0,4.0,2.0,3.0,3.0,6.0,5.0,5.0,4.0,4.0,3.0,2.0,1.0,4.0,3.0,1.0,3.0,4.0,1.0,4.0,4.0,5.0,3.0,2.0,2.0,1.0,2.0,1.0,1.0,1.0,15.0,5.0
133,5.0,4.0,2.0,4.0,3.0,4.0,4.0,6.0,5.0,6.0,5.0,3.0,2.0,1.0,1.0,3.0,2.0,1.0,2.0,3.0,1.0,3.0,3.0,3.0,3.0,2.0,3.0,1.0,1.0,1.0,1.0,1.0,20.0,10.0,4.0,3.0,2.0,4.0,3.0,4.0,4.0,6.0,5.0,6.0,5.0,4.0,2.0,1.0,1.0,3.0,2.0,1.0,2.0,3.0,1.0,3.0,3.0,3.0,3.0,2.0,3.0,1.0,1.0,1.0,1.0,1.0,25.0,15.0
137,5.0,4.0,5.0,6.0,3.0,4.0,3.0,6.0,5.0,5.0,4.0,3.0,4.0,1.0,2.0,4.0,3.0,1.0,3.0,2.0,1.0,4.0,3.0,2.0,3.0,2.0,1.0,1.0,1.0,1.0,1.0,1.0,20.0,10.0,4.0,3.0,3.0,5.0,3.0,4.0,3.0,5.0,4.0,4.0,3.0,3.0,4.0,1.0,2.0,4.0,3.0,1.0,3.0,2.0,1.0,4.0,3.0,2.0,3.0,3.0,2.0,1.0,1.0,2.0,1.0,1.0,30.0,20.0
138,5.0,4.0,4.0,5.0,3.0,5.0,5.0,6.0,5.0,4.0,5.0,1.0,1.0,1.0,1.0,1.0,1.0,1.0,1.0,1.0,1.0,1.0,1.0,1.0,3.0,2.0,1.0,1.0,1.0,1.0,1.0,1.0,30.0,20.0,5.0,3.0,3.0,4.0,3.0,4.0,4.0,6.0,5.0,5.0,5.0,1.0,1.0,1.0,1.0,1.0,1.0,1.0,1.0,1.0,1.0,1.0,1.0,1.0,3.0,2.0,1.0,1.0,1.0,1.0,1.0,1.0,25.0,15.0
140,5.0,5.0,4.0,5.0,3.0,4.0,4.0,6.0,5.0,4.0,5.0,1.0,2.0,1.0,1.0,2.0,1.0,1.0,1.0,1.0,1.0,1.0,2.0,1.0,2.0,1.0,1.0,2.0,1.0,1.0,1.0,1.0,20.0,10.0,4.0,4.0,3.0,4.0,2.0,3.0,3.0,6.0,5.0,5.0,5.0,1.0,1.0,1.0,1.0,1.0,1.0,1.0,1.0,1.0,1.0,1.0,1.0,1.0,2.0,1.0,1.0,2.0,1.0,1.0,1.0,1.0,15.0,5.0
141,4.0,3.0,2.0,5.0,2.0,4.0,4.0,6.0,5.0,6.0,5.0,1.0,1.0,1.0,1.0,2.0,1.0,1.0,1.0,1.0,1.0,1.0,1.0,1.0,2.0,1.0,1.0,1.0,1.0,1.0,1.0,1.0,20.0,10.0,5.0,3.0,2.0,5.0,2.0,3.0,4.0,6.0,5.0,6.0,5.0,1.0,1.0,1.0,1.0,2.0,1.0,1.0,1.0,1.0,1.0,1.0,1.0,1.0,2.0,1.0,1.0,1.0,1.0,1.0,1.0,1.0,25.0,15.0
144,5.0,4.0,5.0,6.0,4.0,5.0,5.0,4.0,3.0,3.0,4.0,2.0,1.0,1.0,1.0,2.0,1.0,1.0,2.0,1.0,1.0,1.0,1.0,1.0,2.0,1.0,1.0,1.0,1.0,1.0,1.0,1.0,20.0,10.0,4.0,3.0,4.0,5.0,3.0,4.0,4.0,5.0,4.0,4.0,5.0,2.0,1.0,1.0,1.0,3.0,1.0,1.0,2.0,1.0,1.0,2.0,2.0,1.0,2.0,1.0,1.0,1.0,1.0,1.0,1.0,1.0,15.0,5.0
147,5.0,4.0,6.0,6.0,4.0,5.0,4.0,5.0,3.0,2.0,3.0,1.0,1.0,1.0,1.0,1.0,1.0,1.0,1.0,1.0,1.0,1.0,1.0,1.0,2.0,3.0,1.0,1.0,1.0,1.0,1.0,1.0,30.0,20.0,4.0,3.0,5.0,6.0,3.0,4.0,4.0,4.0,3.0,3.0,4.0,1.0,1.0,1.0,1.0,1.0,1.0,1.0,1.0,1.0,1.0,1.0,1.0,1.0,3.0,4.0,2.0,1.0,1.0,1.0,1.0,1.0,40.0,30.0
148,5.0,5.0,5.0,6.0,5.0,5.0,5.0,2.0,2.0,2.0,3.0,1.0,2.0,1.0,1.0,1.0,1.0,1.0,1.0,1.0,1.0,1.0,1.0,1.0,2.0,3.0,1.0,2.0,1.0,1.0,1.0,1.0,40.0,20.0,4.0,4.0,3.0,4.0,3.0,3.0,3.0,5.0,4.0,5.0,4.0,2.0,3.0,1.0,1.0,2.0,1.0,1.0,1.0,1.0,1.0,1.0,1.0,1.0,3.0,3.0,1.0,2.0,1.0,1.0,1.0,1.0,30.0,10.0
149,5.0,4.0,3.0,5.0,3.0,4.0,4.0,6.0,5.0,6.0,5.0,1.0,1.0,1.0,1.0,1.0,1.0,1.0,1.0,1.0,1.0,1.0,1.0,1.0,2.0,1.0,1.0,1.0,1.0,1.0,1.0,1.0,20.0,10.0,4.0,3.0,2.0,3.0,2.0,3.0,3.0,6.0,5.0,6.0,5.0,1.0,1.0,1.0,1.0,1.0,1.0,1.0,1.0,1.0,1.0,1.0,1.0,1.0,2.0,1.0,1.0,1.0,1.0,1.0,1.0,1.0,15.0,5.0
151,4.0,3.0,2.0,3.0,2.0,3.0,2.0,6.0,5.0,5.0,5.0,2.0,1.0,1.0,1.0,2.0,1.0,1.0,2.0,1.0,1.0,2.0,2.0,1.0,2.0,1.0,1.0,1.0,1.0,1.0,1.0,1.0,15.0,5.0,3.0,2.0,2.0,2.0,1.0,2.0,1.0,7.0,6.0,6.0,6.0,3.0,2.0,1.0,1.0,3.0,1.0,1.0,2.0,2.0,1.0,3.0,3.0,1.0,2.0,1.0,1.0,1.0,1.0,1.0,1.0,1.0,10.0,2.0
158,5.0,5.0,4.0,5.0,3.0,4.0,4.0,5.0,5.0,5.0,4.0,1.0,1.0,1.0,1.0,1.0,1.0,1.0,1.0,1.0,1.0,1.0,1.0,1.0,2.0,1.0,1.0,1.0,1.0,1.0,1.0,1.0,20.0,10.0,4.0,4.0,3.0,3.0,2.0,3.0,3.0,6.0,6.0,6.0,5.0,2.0,1.0,1.0,1.0,1.0,1.0,1.0,1.0,1.0,1.0,1.0,1.0,1.0,2.0,1.0,1.0,1.0,1.0,1.0,1.0,1.0,15.0,5.0
159,5.0,4.0,3.0,4.0,2.0,4.0,3.0,6.0,5.0,5.0,6.0,1.0,1.0,1.0,1.0,2.0,1.0,1.0,1.0,1.0,1.0,1.0,2.0,1.0,2.0,1.0,1.0,1.0,1.0,1.0,1.0,1.0,20.0,10.0,4.0,3.0,3.0,4.0,2.0,3.0,3.0,6.0,4.0,4.0,5.0,1.0,1.0,1.0,1.0,2.0,1.0,1.0,1.0,1.0,1.0,1.0,2.0,1.0,3.0,1.0,1.0,1.0,1.0,1.0,1.0,1.0,30.0,15.0
161,5.0,4.0,3.0,5.0,3.0,4.0,4.0,6.0,5.0,6.0,5.0,3.0,1.0,1.0,1.0,2.0,1.0,1.0,2.0,2.0,1.0,1.0,1.0,1.0,3.0,2.0,1.0,2.0,1.0,1.0,1.0,1.0,30.0,20.0,4.0,3.0,3.0,5.0,3.0,4.0,4.0,6.0,5.0,6.0,5.0,3.0,1.0,1.0,1.0,2.0,1.0,1.0,2.0,2.0,1.0,1.0,1.0,1.0,3.0,2.0,2.0,2.0,1.0,1.0,1.0,1.0,35.0,25.0
163,6.0,5.0,4.0,6.0,5.0,5.0,5.0,3.0,3.0,2.0,3.0,2.0,1.0,1.0,1.0,2.0,1.0,1.0,1.0,1.0,1.0,1.0,1.0,1.0,3.0,2.0,1.0,2.0,1.0,1.0,1.0,1.0,30.0,20.0,3.0,2.0,2.0,2.0,2.0,2.0,2.0,5.0,5.0,6.0,5.0,2.0,3.0,1.0,1.0,3.0,2.0,1.0,1.0,2.0,1.0,2.0,2.0,2.0,3.0,2.0,1.0,2.0,1.0,1.0,1.0,1.0,15.0,5.0
169,5.0,4.0,3.0,4.0,2.0,3.0,3.0,6.0,5.0,5.0,5.0,2.0,1.0,1.0,1.0,2.0,1.0,1.0,1.0,1.0,1.0,1.0,1.0,1.0,2.0,1.0,1.0,1.0,1.0,1.0,1.0,1.0,20.0,10.0,4.0,3.0,3.0,4.0,2.0,3.0,3.0,7.0,6.0,6.0,6.0,3.0,1.0,1.0,1.0,2.0,1.0,1.0,1.0,1.0,1.0,1.0,1.0,1.0,2.0,1.0,1.0,1.0,1.0,1.0,1.0,1.0,15.0,5.0
171,5.0,4.0,5.0,6.0,3.0,4.0,5.0,6.0,5.0,5.0,6.0,2.0,3.0,1.0,1.0,3.0,1.0,1.0,2.0,2.0,1.0,2.0,2.0,3.0,3.0,2.0,3.0,1.0,1.0,1.0,1.0,1.0,30.0,20.0,4.0,3.0,4.0,5.0,3.0,4.0,4.0,7.0,6.0,6.0,7.0,3.0,3.0,1.0,1.0,3.0,1.0,1.0,2.0,3.0,1.0,2.0,3.0,3.0,4.0,3.0,3.0,2.0,1.0,1.0,1.0,1.0,20.0,10.0
172,4.0,2.0,3.0,2.0,1.0,2.0,3.0,6.0,5.0,7.0,6.0,1.0,2.0,1.0,1.0,3.0,2.0,1.0,2.0,1.0,1.0,2.0,1.0,1.0,2.0,1.0,1.0,1.0,1.0,1.0,1.0,1.0,10.0,5.0,3.0,1.0,2.0,1.0,1.0,1.0,2.0,7.0,7.0,7.0,7.0,3.0,4.0,2.0,2.0,4.0,3.0,1.0,3.0,3.0,2.0,3.0,2.0,1.0,3.0,1.0,1.0,1.0,1.0,1.0,1.0,1.0,2.0,1.0
175,4.0,3.0,2.0,3.0,3.0,3.0,4.0,6.0,5.0,5.0,5.0,3.0,2.0,1.0,1.0,3.0,2.0,1.0,3.0,2.0,1.0,3.0,3.0,4.0,3.0,2.0,3.0,1.0,2.0,1.0,1.0,1.0,20.0,10.0,4.0,3.0,3.0,4.0,3.0,4.0,4.0,5.0,4.0,4.0,4.0,4.0,3.0,1.0,1.0,3.0,2.0,1.0,3.0,3.0,1.0,4.0,4.0,5.0,4.0,2.0,4.0,2.0,3.0,2.0,1.0,1.0,40.0,30.0
176,4.0,5.0,3.0,5.0,2.0,3.0,3.0,6.0,5.0,6.0,5.0,2.0,1.0,1.0,1.0,1.0,2.0,1.0,1.0,1.0,1.0,2.0,1.0,1.0,2.0,1.0,1.0,1.0,1.0,1.0,1.0,1.0,20.0,10.0,4.0,4.0,3.0,5.0,2.0,3.0,4.0,5.0,4.0,5.0,4.0,3.0,2.0,1.0,1.0,2.0,1.0,1.0,1.0,1.0,1.0,2.0,1.0,1.0,3.0,2.0,2.0,2.0,1.0,1.0,1.0,1.0,30.0,20.0
178,5.0,6.0,5.0,6.0,4.0,5.0,4.0,2.0,2.0,3.0,3.0,2.0,1.0,1.0,1.0,2.0,1.0,1.0,2.0,1.0,1.0,1.0,1.0,1.0,3.0,2.0,2.0,2.0,1.0,1.0,1.0,1.0,30.0,20.0,4.0,5.0,4.0,5.0,4.0,4.0,3.0,3.0,2.0,4.0,4.0,3.0,2.0,1.0,1.0,3.0,1.0,1.0,2.0,2.0,1.0,2.0,2.0,1.0,3.0,3.0,2.0,2.0,1.0,1.0,1.0,1.0,40.0,30.0
179,5.0,4.0,5.0,6.0,3.0,5.0,4.0,6.0,5.0,3.0,4.0,2.0,1.0,1.0,1.0,2.0,1.0,1.0,2.0,2.0,1.0,2.0,1.0,1.0,3.0,2.0,2.0,3.0,1.0,1.0,1.0,1.0,35.0,20.0,4.0,3.0,4.0,5.0,2.0,3.0,3.0,6.0,5.0,6.0,5.0,3.0,1.0,1.0,1.0,3.0,1.0,1.0,2.0,2.0,1.0,2.0,2.0,1.0,4.0,3.0,3.0,3.0,1.0,1.0,1.0,1.0,25.0,30.0
181,4.0,3.0,2.0,3.0,2.0,3.0,2.0,6.0,6.0,7.0,5.0,2.0,3.0,1.0,1.0,4.0,2.0,1.0,3.0,3.0,2.0,3.0,4.0,4.0,2.0,1.0,1.0,1.0,1.0,1.0,1.0,1.0,10.0,5.0,3.0,2.0,1.0,2.0,1.0,2.0,1.0,7.0,7.0,7.0,7.0,4.0,4.0,2.0,2.0,5.0,3.0,1.0,4.0,4.0,2.0,4.0,5.0,5.0,1.0,1.0,1.0,1.0,1.0,1.0,1.0,1.0,2.0,1.0
184,3.0,2.0,1.0,2.0,2.0,1.0,1.0,6.0,5.0,7.0,6.0,2.0,1.0,1.0,1.0,2.0,3.0,1.0,1.0,2.0,1.0,1.0,2.0,1.0,2.0,1.0,1.0,1.0,1.0,1.0,1.0,1.0,5.0,2.0,2.0,1.0,1.0,1.0,1.0,1.0,1.0,7.0,6.0,7.0,7.0,3.0,4.0,3.0,2.0,4.0,5.0,1.0,4.0,3.0,2.0,3.0,4.0,2.0,2.0,1.0,1.0,1.0,1.0,1.0,1.0,1.0,2.0,0.0
186,4.0,3.0,3.0,5.0,2.0,4.0,3.0,6.0,5.0,5.0,4.0,2.0,1.0,1.0,1.0,2.0,1.0,1.0,2.0,1.0,1.0,1.0,1.0,1.0,2.0,1.0,1.0,1.0,1.0,1.0,1.0,1.0,20.0,10.0,4.0,3.0,3.0,5.0,2.0,4.0,3.0,6.0,5.0,6.0,5.0,3.0,1.0,1.0,1.0,2.0,1.0,1.0,2.0,1.0,1.0,1.0,1.0,1.0,3.0,1.0,1.0,1.0,1.0,1.0,1.0,1.0,15.0,5.0
188,5.0,4.0,3.0,5.0,2.0,3.0,3.0,6.0,5.0,6.0,5.0,4.0,2.0,1.0,1.0,4.0,3.0,1.0,2.0,3.0,1.0,4.0,4.0,2.0,3.0,2.0,2.0,1.0,1.0,1.0,1.0,1.0,15.0,20.0,4.0,3.0,2.0,3.0,1.0,2.0,2.0,7.0,6.0,7.0,6.0,5.0,3.0,1.0,1.0,5.0,4.0,1.0,2.0,4.0,1.0,5.0,5.0,2.0,2.0,2.0,1.0,1.0,1.0,1.0,1.0,1.0,5.0,10.0
189,3.0,2.0,1.0,2.0,1.0,2.0,1.0,6.0,5.0,6.0,5.0,3.0,2.0,1.0,1.0,2.0,1.0,1.0,2.0,3.0,1.0,3.0,2.0,2.0,2.0,1.0,1.0,1.0,1.0,1.0,1.0,1.0,10.0,5.0,2.0,1.0,1.0,1.0,1.0,1.0,1.0,7.0,6.0,7.0,7.0,3.0,2.0,1.0,1.0,2.0,1.0,1.0,2.0,4.0,1.0,4.0,2.0,3.0,1.0,1.0,1.0,1.0,1.0,1.0,1.0,1.0,2.0,1.0
196,5.0,4.0,3.0,2.0,2.0,4.0,3.0,6.0,5.0,6.0,5.0,1.0,2.0,1.0,1.0,2.0,1.0,1.0,2.0,1.0,1.0,1.0,2.0,1.0,2.0,1.0,1.0,1.0,1.0,1.0,1.0,1.0,20.0,10.0,4.0,3.0,2.0,2.0,2.0,3.0,3.0,6.0,5.0,6.0,5.0,1.0,2.0,1.0,1.0,2.0,1.0,1.0,2.0,1.0,1.0,1.0,2.0,1.0,2.0,1.0,1.0,1.0,1.0,1.0,1.0,1.0,25.0,15.0
199,5.0,4.0,4.0,6.0,4.0,5.0,5.0,6.0,5.0,4.0,5.0,2.0,1.0,1.0,1.0,2.0,1.0,1.0,2.0,1.0,1.0,2.0,2.0,1.0,3.0,2.0,1.0,2.0,1.0,1.0,1.0,1.0,30.0,20.0,4.0,3.0,3.0,5.0,3.0,4.0,4.0,6.0,5.0,5.0,4.0,3.0,2.0,1.0,1.0,3.0,2.0,1.0,3.0,2.0,1.0,2.0,2.0,1.0,4.0,2.0,1.0,2.0,1.0,1.0,1.0,1.0,25.0,15.0
203,5.0,4.0,4.0,6.0,2.0,3.0,4.0,6.0,5.0,5.0,5.0,2.0,1.0,1.0,1.0,3.0,2.0,1.0,2.0,2.0,1.0,2.0,1.0,1.0,3.0,2.0,1.0,2.0,1.0,1.0,1.0,1.0,30.0,20.0,4.0,3.0,3.0,5.0,2.0,3.0,4.0,6.0,5.0,6.0,5.0,3.0,1.0,1.0,1.0,3.0,2.0,1.0,2.0,2.0,1.0,2.0,1.0,1.0,3.0,2.0,2.0,2.0,1.0,1.0,1.0,1.0,25.0,15.0
210,5.0,4.0,4.0,6.0,3.0,5.0,4.0,5.0,4.0,4.0,3.0,1.0,1.0,1.0,1.0,1.0,1.0,1.0,1.0,1.0,1.0,1.0,1.0,1.0,3.0,2.0,1.0,1.0,1.0,1.0,1.0,1.0,30.0,20.0,4.0,3.0,3.0,4.0,3.0,4.0,4.0,6.0,4.0,5.0,4.0,1.0,1.0,1.0,1.0,1.0,1.0,1.0,1.0,1.0,1.0,1.0,1.0,1.0,3.0,2.0,1.0,1.0,1.0,1.0,1.0,1.0,20.0,10.0
212,4.0,3.0,3.0,2.0,2.0,3.0,4.0,6.0,6.0,5.0,5.0,3.0,2.0,1.0,1.0,4.0,3.0,1.0,2.0,3.0,1.0,4.0,3.0,3.0,2.0,1.0,3.0,1.0,1.0,1.0,1.0,1.0,20.0,10.0,3.0,3.0,2.0,2.0,2.0,3.0,3.0,6.0,6.0,5.0,5.0,4.0,4.0,2.0,2.0,5.0,4.0,1.0,4.0,4.0,1.0,5.0,4.0,4.0,3.0,2.0,4.0,1.0,2.0,2.0,1.0,1.0,15.0,5.0
213,4.0,3.0,2.0,3.0,2.0,2.0,2.0,6.0,5.0,5.0,5.0,3.0,4.0,1.0,1.0,4.0,3.0,1.0,4.0,3.0,2.0,3.0,3.0,2.0,2.0,1.0,1.0,1.0,1.0,1.0,1.0,1.0,10.0,5.0,3.0,3.0,1.0,2.0,1.0,1.0,1.0,7.0,6.0,6.0,6.0,4.0,5.0,1.0,1.0,5.0,5.0,1.0,5.0,4.0,2.0,4.0,4.0,3.0,3.0,1.0,1.0,1.0,1.0,1.0,1.0,1.0,5.0,2.0
216,3.0,2.0,2.0,3.0,2.0,3.0,2.0,6.0,5.0,6.0,5.0,3.0,4.0,2.0,2.0,4.0,4.0,1.0,3.0,3.0,2.0,4.0,3.0,2.0,2.0,1.0,1.0,1.0,1.0,1.0,1.0,1.0,5.0,2.0,4.0,3.0,2.0,3.0,2.0,3.0,2.0,6.0,5.0,6.0,5.0,3.0,4.0,2.0,2.0,4.0,4.0,1.0,3.0,3.0,2.0,4.0,3.0,2.0,3.0,1.0,1.0,1.0,1.0,1.0,1.0,1.0,8.0,3.0
218,4.0,3.0,3.0,2.0,3.0,3.0,4.0,6.0,6.0,5.0,5.0,3.0,2.0,1.0,1.0,2.0,1.0,1.0,2.0,1.0,1.0,2.0,3.0,1.0,2.0,1.0,1.0,1.0,1.0,1.0,1.0,1.0,20.0,10.0,3.0,2.0,2.0,1.0,2.0,2.0,3.0,7.0,7.0,6.0,6.0,4.0,3.0,1.0,2.0,3.0,1.0,1.0,2.0,1.0,1.0,3.0,3.0,1.0,2.0,1.0,1.0,1.0,1.0,1.0,1.0,1.0,5.0,1.0
220,4.0,3.0,3.0,4.0,2.0,3.0,2.0,6.0,5.0,6.0,5.0,4.0,3.0,1.0,1.0,4.0,3.0,1.0,3.0,3.0,1.0,4.0,3.0,2.0,2.0,1.0,1.0,1.0,1.0,1.0,1.0,1.0,10.0,5.0,4.0,3.0,3.0,4.0,2.0,3.0,2.0,6.0,5.0,6.0,5.0,5.0,4.0,1.0,1.0,5.0,4.0,1.0,4.0,4.0,1.0,5.0,4.0,3.0,3.0,1.0,2.0,2.0,1.0,1.0,1.0,1.0,5.0,2.0
222,4.0,3.0,2.0,2.0,2.0,3.0,3.0,6.0,5.0,7.0,6.0,3.0,3.0,1.0,1.0,2.0,3.0,1.0,2.0,1.0,1.0,3.0,3.0,1.0,2.0,1.0,1.0,1.0,1.0,1.0,1.0,1.0,10.0,5.0,4.0,3.0,2.0,2.0,2.0,3.0,3.0,6.0,5.0,7.0,6.0,3.0,3.0,1.0,1.0,2.0,3.0,1.0,2.0,1.0,1.0,3.0,3.0,1.0,2.0,1.0,1.0,1.0,1.0,1.0,1.0,1.0,5.0,2.0
224,5.0,4.0,4.0,6.0,3.0,5.0,4.0,6.0,5.0,4.0,5.0,2.0,2.0,1.0,1.0,2.0,1.0,1.0,2.0,2.0,1.0,1.0,1.0,1.0,2.0,1.0,1.0,1.0,1.0,1.0,1.0,1.0,30.0,20.0,4.0,3.0,3.0,5.0,2.0,4.0,3.0,6.0,5.0,5.0,6.0,2.0,1.0,1.0,1.0,1.0,1.0,1.0,1.0,1.0,1.0,1.0,1.0,1.0,2.0,1.0,1.0,1.0,1.0,1.0,1.0,1.0,20.0,10.0
225,5.0,4.0,5.0,6.0,3.0,4.0,3.0,6.0,5.0,6.0,5.0,2.0,1.0,1.0,1.0,2.0,1.0,1.0,1.0,1.0,1.0,2.0,1.0,1.0,3.0,2.0,1.0,3.0,1.0,1.0,1.0,1.0,20.0,10.0,4.0,3.0,4.0,5.0,3.0,4.0,3.0,5.0,5.0,6.0,5.0,3.0,2.0,1.0,1.0,3.0,1.0,1.0,2.0,2.0,1.0,3.0,2.0,1.0,4.0,3.0,2.0,3.0,1.0,1.0,1.0,1.0,30.0,20.0
229,4.0,3.0,2.0,3.0,2.0,3.0,4.0,6.0,6.0,5.0,5.0,2.0,2.0,1.0,1.0,2.0,2.0,1.0,2.0,1.0,1.0,2.0,3.0,2.0,3.0,2.0,1.0,1.0,1.0,1.0,1.0,1.0,20.0,10.0,3.0,2.0,2.0,3.0,2.0,3.0,4.0,6.0,5.0,6.0,5.0,3.0,3.0,1.0,1.0,3.0,2.0,1.0,3.0,2.0,1.0,3.0,4.0,2.0,3.0,2.0,2.0,1.0,1.0,1.0,1.0,1.0,15.0,5.0
230,5.0,4.0,5.0,6.0,2.0,4.0,3.0,6.0,5.0,5.0,5.0,2.0,1.0,1.0,1.0,2.0,1.0,1.0,2.0,3.0,1.0,2.0,3.0,1.0,2.0,1.0,1.0,1.0,1.0,1.0,1.0,1.0,20.0,10.0,4.0,3.0,4.0,5.0,2.0,3.0,3.0,6.0,5.0,5.0,5.0,2.0,1.0,1.0,1.0,3.0,1.0,1.0,2.0,3.0,1.0,2.0,3.0,1.0,2.0,1.0,1.0,1.0,1.0,1.0,1.0,1.0,15.0,5.0
231,5.0,4.0,4.0,6.0,4.0,5.0,5.0,4.0,4.0,2.0,3.0,2.0,1.0,1.0,1.0,2.0,1.0,1.0,2.0,1.0,1.0,1.0,1.0,1.0,2.0,2.0,1.0,3.0,1.0,1.0,1.0,1.0,30.0,20.0,4.0,3.0,3.0,5.0,3.0,3.0,4.0,5.0,5.0,5.0,4.0,2.0,1.0,1.0,1.0,2.0,1.0,1.0,2.0,1.0,1.0,1.0,1.0,1.0,3.0,2.0,2.0,3.0,1.0,1.0,1.0,1.0,20.0,10.0
235,5.0,4.0,3.0,2.0,2.0,3.0,4.0,6.0,5.0,6.0,5.0,4.0,2.0,1.0,1.0,2.0,1.0,1.0,3.0,3.0,1.0,3.0,2.0,4.0,3.0,2.0,2.0,1.0,1.0,1.0,1.0,1.0,20.0,10.0,4.0,3.0,2.0,2.0,2.0,3.0,4.0,6.0,5.0,6.0,6.0,5.0,2.0,1.0,1.0,3.0,1.0,1.0,3.0,4.0,1.0,4.0,3.0,5.0,3.0,2.0,2.0,1.0,1.0,1.0,1.0,1.0,10.0,5.0
236,3.0,2.0,2.0,1.0,2.0,1.0,1.0,7.0,7.0,7.0,7.0,3.0,3.0,1.0,1.0,4.0,3.0,1.0,3.0,2.0,1.0,4.0,4.0,3.0,1.0,1.0,1.0,1.0,1.0,1.0,1.0,1.0,5.0,2.0,4.0,3.0,2.0,3.0,2.0,2.0,1.0,6.0,6.0,6.0,6.0,4.0,4.0,1.0,1.0,4.0,4.0,1.0,4.0,2.0,1.0,4.0,4.0,4.0,2.0,2.0,1.0,1.0,2.0,1.0,1.0,1.0,15.0,8.0
242,4.0,2.0,3.0,2.0,3.0,2.0,3.0,6.0,5.0,6.0,5.0,2.0,1.0,1.0,1.0,2.0,2.0,1.0,2.0,1.0,1.0,1.0,1.0,1.0,2.0,1.0,1.0,2.0,1.0,1.0,1.0,1.0,15.0,5.0,4.0,3.0,3.0,3.0,3.0,3.0,3.0,6.0,5.0,6.0,5.0,2.0,1.0,1.0,1.0,2.0,2.0,1.0,2.0,1.0,1.0,1.0,1.0,1.0,2.0,2.0,2.0,2.0,1.0,1.0,1.0,1.0,20.0,10.0
246,5.0,4.0,4.0,5.0,2.0,3.0,4.0,6.0,6.0,6.0,5.0,2.0,3.0,1.0,1.0,3.0,2.0,1.0,2.0,2.0,1.0,3.0,3.0,4.0,3.0,3.0,3.0,2.0,1.0,2.0,1.0,1.0,25.0,10.0,4.0,4.0,3.0,3.0,2.0,3.0,3.0,6.0,6.0,7.0,6.0,3.0,4.0,1.0,1.0,4.0,3.0,1.0,3.0,3.0,1.0,4.0,4.0,4.0,4.0,3.0,3.0,2.0,1.0,2.0,1.0,1.0,15.0,5.0
250,3.0,2.0,1.0,2.0,2.0,3.0,2.0,6.0,5.0,6.0,5.0,3.0,2.0,1.0,1.0,4.0,3.0,1.0,2.0,3.0,1.0,3.0,3.0,2.0,2.0,1.0,1.0,1.0,1.0,1.0,1.0,1.0,5.0,2.0,3.0,2.0,1.0,2.0,2.0,3.0,2.0,6.0,5.0,6.0,5.0,3.0,2.0,1.0,1.0,4.0,3.0,1.0,2.0,3.0,1.0,3.0,3.0,2.0,2.0,1.0,1.0,1.0,1.0,1.0,1.0,1.0,7.0,3.0
254,5.0,4.0,5.0,6.0,3.0,4.0,4.0,6.0,5.0,4.0,5.0,2.0,1.0,1.0,1.0,2.0,1.0,1.0,2.0,1.0,1.0,1.0,1.0,1.0,2.0,1.0,1.0,1.0,1.0,1.0,1.0,1.0,20.0,10.0,4.0,3.0,4.0,3.0,2.0,3.0,3.0,6.0,5.0,5.0,5.0,2.0,1.0,1.0,1.0,2.0,1.0,1.0,2.0,1.0,1.0,1.0,1.0,1.0,1.0,1.0,1.0,1.0,1.0,1.0,1.0,1.0,15.0,5.0
259,5.0,4.0,3.0,6.0,4.0,4.0,5.0,6.0,5.0,5.0,6.0,1.0,1.0,1.0,1.0,2.0,1.0,1.0,1.0,1.0,1.0,1.0,1.0,1.0,2.0,1.0,1.0,1.0,1.0,1.0,1.0,1.0,20.0,10.0,4.0,3.0,3.0,2.0,2.0,3.0,4.0,6.0,5.0,6.0,6.0,1.0,1.0,1.0,1.0,2.0,1.0,1.0,1.0,1.0,1.0,1.0,1.0,1.0,1.0,1.0,1.0,1.0,1.0,1.0,1.0,1.0,15.0,5.0
260,4.0,3.0,3.0,4.0,2.0,2.0,3.0,6.0,5.0,5.0,5.0,1.0,2.0,1.0,1.0,1.0,1.0,1.0,1.0,1.0,1.0,1.0,1.0,1.0,1.0,1.0,1.0,1.0,1.0,1.0,1.0,1.0,10.0,5.0,4.0,3.0,3.0,4.0,2.0,2.0,3.0,6.0,5.0,5.0,5.0,1.0,2.0,1.0,1.0,1.0,1.0,1.0,1.0,1.0,1.0,1.0,1.0,1.0,1.0,1.0,1.0,1.0,1.0,1.0,1.0,1.0,10.0,5.0
266,5.0,4.0,4.0,5.0,3.0,5.0,4.0,6.0,5.0,4.0,5.0,2.0,1.0,1.0,1.0,2.0,1.0,1.0,1.0,1.0,1.0,1.0,1.0,1.0,3.0,3.0,2.0,4.0,1.0,1.0,1.0,1.0,35.0,20.0,4.0,3.0,3.0,3.0,2.0,3.0,3.0,6.0,6.0,6.0,6.0,3.0,3.0,1.0,2.0,3.0,3.0,1.0,2.0,2.0,1.0,2.0,2.0,2.0,4.0,3.0,2.0,4.0,1.0,2.0,1.0,1.0,20.0,10.0
272,5.0,6.0,6.0,5.0,5.0,5.0,4.0,3.0,2.0,2.0,2.0,2.0,1.0,1.0,1.0,2.0,1.0,1.0,1.0,1.0,1.0,1.0,1.0,1.0,3.0,3.0,2.0,1.0,1.0,1.0,1.0,1.0,40.0,25.0,4.0,5.0,4.0,4.0,4.0,4.0,3.0,4.0,3.0,3.0,3.0,2.0,1.0,1.0,1.0,2.0,1.0,1.0,1.0,1.0,1.0,1.0,1.0,1.0,4.0,3.0,2.0,2.0,1.0,1.0,1.0,1.0,30.0,30.0
279,5.0,4.0,3.0,4.0,6.0,5.0,4.0,5.0,4.0,3.0,4.0,2.0,1.0,1.0,1.0,2.0,1.0,1.0,2.0,1.0,1.0,1.0,1.0,1.0,2.0,3.0,2.0,1.0,1.0,1.0,1.0,1.0,35.0,20.0,4.0,3.0,2.0,2.0,4.0,3.0,4.0,6.0,5.0,5.0,5.0,3.0,2.0,1.0,1.0,3.0,1.0,1.0,2.0,2.0,1.0,2.0,2.0,1.0,3.0,3.0,2.0,1.0,1.0,1.0,1.0,1.0,25.0,10.0
280,3.0,2.0,1.0,2.0,2.0,3.0,2.0,6.0,6.0,7.0,5.0,3.0,4.0,1.0,2.0,3.0,4.0,1.0,4.0,2.0,1.0,3.0,3.0,4.0,2.0,1.0,1.0,1.0,1.0,1.0,1.0,1.0,5.0,2.0,3.0,2.0,1.0,2.0,2.0,3.0,2.0,6.0,6.0,7.0,5.0,4.0,5.0,1.0,2.0,4.0,5.0,1.0,4.0,3.0,1.0,4.0,3.0,5.0,1.0,1.0,1.0,1.0,1.0,1.0,1.0,1.0,2.0,1.0
281,5.0,4.0,5.0,6.0,4.0,5.0,5.0,3.0,3.0,2.0,3.0,2.0,1.0,1.0,1.0,2.0,1.0,1.0,2.0,1.0,1.0,1.0,1.0,1.0,3.0,2.0,2.0,2.0,1.0,1.0,1.0,1.0,35.0,20.0,4.0,3.0,3.0,4.0,3.0,3.0,3.0,5.0,4.0,4.0,4.0,3.0,2.0,1.0,1.0,3.0,1.0,1.0,3.0,2.0,1.0,2.0,2.0,1.0,4.0,3.0,3.0,3.0,1.0,1.0,1.0,1.0,25.0,10.0
282,5.0,5.0,4.0,6.0,3.0,4.0,4.0,6.0,5.0,5.0,5.0,1.0,1.0,1.0,1.0,2.0,1.0,1.0,1.0,1.0,1.0,1.0,1.0,1.0,3.0,2.0,2.0,3.0,1.0,1.0,1.0,1.0,30.0,20.0,5.0,5.0,4.0,6.0,4.0,4.0,4.0,5.0,5.0,4.0,4.0,2.0,1.0,1.0,1.0,2.0,1.0,1.0,1.0,1.0,1.0,1.0,1.0,1.0,3.0,2.0,2.0,3.0,1.0,1.0,1.0,1.0,40.0,30.0
284,5.0,3.0,2.0,6.0,3.0,4.0,3.0,6.0,5.0,5.0,5.0,1.0,1.0,1.0,1.0,2.0,1.0,1.0,1.0,1.0,1.0,1.0,2.0,1.0,3.0,1.0,2.0,1.0,1.0,1.0,1.0,1.0,20.0,10.0,4.0,3.0,2.0,4.0,3.0,3.0,3.0,7.0,5.0,6.0,6.0,1.0,2.0,1.0,1.0,2.0,1.0,1.0,1.0,1.0,1.0,1.0,2.0,1.0,3.0,1.0,2.0,1.0,1.0,1.0,1.0,1.0,10.0,5.0
288,3.0,2.0,1.0,2.0,1.0,2.0,2.0,6.0,5.0,7.0,6.0,4.0,3.0,1.0,2.0,4.0,3.0,1.0,3.0,2.0,1.0,3.0,4.0,2.0,2.0,1.0,1.0,1.0,1.0,1.0,1.0,1.0,5.0,2.0,2.0,1.0,1.0,1.0,1.0,1.0,1.0,7.0,6.0,7.0,7.0,5.0,4.0,1.0,2.0,4.0,4.0,1.0,4.0,2.0,1.0,4.0,4.0,2.0,1.0,1.0,1.0,1.0,1.0,1.0,1.0,1.0,1.0,1.0
289,5.0,6.0,5.0,6.0,4.0,5.0,6.0,5.0,4.0,3.0,4.0,2.0,1.0,1.0,1.0,3.0,2.0,1.0,3.0,2.0,1.0,1.0,1.0,2.0,4.0,3.0,3.0,4.0,1.0,2.0,1.0,1.0,60.0,40.0,4.0,4.0,3.0,3.0,3.0,3.0,4.0,6.0,5.0,5.0,5.0,3.0,3.0,2.0,2.0,4.0,3.0,1.0,3.0,3.0,1.0,2.0,2.0,3.0,3.0,3.0,3.0,3.0,1.0,1.0,1.0,1.0,30.0,10.0
290,5.0,5.0,6.0,6.0,4.0,5.0,5.0,6.0,5.0,4.0,5.0,3.0,1.0,1.0,1.0,3.0,2.0,1.0,1.0,2.0,1.0,3.0,2.0,3.0,3.0,2.0,3.0,4.0,1.0,1.0,1.0,1.0,40.0,30.0,4.0,4.0,3.0,4.0,3.0,4.0,4.0,6.0,5.0,5.0,6.0,4.0,1.0,1.0,1.0,4.0,1.0,1.0,1.0,2.0,1.0,3.0,2.0,4.0,4.0,2.0,4.0,4.0,2.0,1.0,1.0,1.0,30.0,20.0
291,5.0,4.0,5.0,6.0,3.0,5.0,5.0,4.0,4.0,2.0,3.0,3.0,2.0,1.0,1.0,2.0,1.0,1.0,1.0,1.0,1.0,1.0,1.0,1.0,3.0,2.0,2.0,1.0,1.0,1.0,1.0,1.0,30.0,20.0,4.0,3.0,4.0,5.0,2.0,3.0,4.0,5.0,5.0,6.0,5.0,4.0,3.0,1.0,2.0,3.0,1.0,1.0,2.0,2.0,1.0,2.0,2.0,2.0,3.0,2.0,2.0,1.0,1.0,1.0,1.0,1.0,20.0,10.0
307,4.0,3.0,2.0,2.0,2.0,3.0,3.0,6.0,6.0,7.0,6.0,3.0,2.0,1.0,2.0,4.0,3.0,1.0,3.0,4.0,1.0,3.0,4.0,3.0,2.0,1.0,1.0,1.0,1.0,1.0,1.0,1.0,10.0,5.0,4.0,3.0,2.0,2.0,3.0,3.0,3.0,6.0,6.0,7.0,6.0,4.0,2.0,1.0,2.0,4.0,3.0,1.0,3.0,4.0,1.0,3.0,4.0,3.0,2.0,1.0,1.0,1.0,1.0,1.0,1.0,1.0,5.0,2.0
308,4.0,3.0,2.0,2.0,3.0,2.0,3.0,6.0,5.0,6.0,5.0,2.0,2.0,1.0,2.0,3.0,2.0,1.0,2.0,1.0,1.0,2.0,2.0,1.0,2.0,1.0,1.0,2.0,1.0,1.0,1.0,1.0,10.0,5.0,3.0,2.0,2.0,2.0,3.0,2.0,3.0,7.0,6.0,7.0,6.0,3.0,3.0,1.0,3.0,4.0,3.0,1.0,3.0,1.0,1.0,3.0,3.0,1.0,3.0,2.0,1.0,2.0,1.0,1.0,1.0,1.0,5.0,2.0
310,3.0,2.0,2.0,3.0,2.0,2.0,2.0,6.0,6.0,7.0,7.0,4.0,3.0,2.0,2.0,5.0,4.0,1.0,3.0,3.0,1.0,4.0,3.0,2.0,3.0,2.0,2.0,1.0,1.0,1.0,1.0,1.0,10.0,5.0,2.0,1.0,1.0,2.0,1.0,1.0,1.0,7.0,7.0,7.0,7.0,5.0,4.0,3.0,3.0,5.0,4.0,1.0,3.0,5.0,1.0,5.0,4.0,3.0,1.0,1.0,1.0,1.0,1.0,1.0,1.0,1.0,2.0,1.0
314,3.0,2.0,2.0,2.0,3.0,3.0,3.0,6.0,6.0,6.0,5.0,4.0,4.0,1.0,2.0,4.0,3.0,2.0,3.0,3.0,1.0,4.0,3.0,4.0,2.0,1.0,2.0,1.0,1.0,1.0,1.0,1.0,10.0,5.0,3.0,2.0,1.0,3.0,2.0,2.0,3.0,6.0,7.0,7.0,6.0,5.0,5.0,1.0,3.0,5.0,4.0,2.0,4.0,4.0,1.0,5.0,5.0,5.0,,,,,,,,,5.0,1.0
318,5.0,4.0,5.0,6.0,3.0,4.0,4.0,6.0,5.0,4.0,5.0,2.0,2.0,1.0,1.0,2.0,1.0,1.0,1.0,1.0,1.0,1.0,1.0,1.0,3.0,2.0,2.0,1.0,1.0,1.0,1.0,1.0,30.0,20.0,4.0,3.0,3.0,4.0,2.0,3.0,3.0,6.0,5.0,6.0,5.0,3.0,3.0,1.0,2.0,3.0,2.0,1.0,2.0,2.0,1.0,2.0,2.0,2.0,3.0,2.0,2.0,1.0,1.0,1.0,1.0,1.0,20.0,10.0
321,4.0,3.0,4.0,2.0,2.0,3.0,3.0,6.0,5.0,5.0,5.0,3.0,2.0,1.0,1.0,2.0,1.0,1.0,1.0,2.0,1.0,2.0,3.0,3.0,2.0,2.0,1.0,1.0,1.0,1.0,1.0,1.0,20.0,10.0,3.0,3.0,2.0,2.0,3.0,3.0,3.0,5.0,4.0,5.0,4.0,4.0,2.0,1.0,1.0,3.0,1.0,1.0,1.0,3.0,1.0,3.0,4.0,3.0,3.0,3.0,2.0,2.0,1.0,1.0,1.0,1.0,30.0,20.0
323,3.0,2.0,1.0,2.0,2.0,3.0,4.0,6.0,5.0,7.0,6.0,4.0,4.0,2.0,3.0,4.0,3.0,1.0,3.0,3.0,1.0,5.0,4.0,3.0,2.0,1.0,1.0,1.0,1.0,1.0,1.0,1.0,10.0,5.0,2.0,1.0,1.0,2.0,2.0,2.0,3.0,7.0,6.0,7.0,7.0,5.0,5.0,2.0,4.0,5.0,4.0,1.0,4.0,3.0,1.0,5.0,4.0,3.0,1.0,1.0,1.0,1.0,1.0,1.0,1.0,1.0,2.0,1.0
324,5.0,4.0,3.0,6.0,4.0,5.0,4.0,5.0,3.0,4.0,4.0,2.0,1.0,1.0,1.0,2.0,1.0,1.0,1.0,1.0,1.0,1.0,1.0,1.0,3.0,2.0,1.0,3.0,1.0,1.0,1.0,1.0,40.0,25.0,4.0,3.0,3.0,5.0,4.0,4.0,3.0,6.0,5.0,5.0,5.0,2.0,1.0,1.0,1.0,2.0,1.0,1.0,1.0,1.0,1.0,1.0,1.0,1.0,3.0,2.0,1.0,3.0,1.0,1.0,1.0,1.0,30.0,15.0
329,5.0,5.0,5.0,6.0,4.0,5.0,6.0,4.0,3.0,2.0,3.0,2.0,1.0,1.0,1.0,2.0,1.0,1.0,1.0,1.0,1.0,1.0,1.0,1.0,2.0,2.0,1.0,1.0,1.0,1.0,1.0,1.0,30.0,20.0,3.0,3.0,2.0,2.0,2.0,2.0,3.0,5.0,4.0,4.0,4.0,2.0,1.0,1.0,1.0,2.0,1.0,1.0,1.0,1.0,1.0,1.0,1.0,1.0,1.0,1.0,1.0,1.0,1.0,1.0,1.0,1.0,10.0,5.0
330,5.0,4.0,4.0,5.0,3.0,4.0,4.0,6.0,5.0,6.0,5.0,2.0,2.0,1.0,1.0,2.0,1.0,1.0,2.0,1.0,1.0,1.0,1.0,1.0,3.0,2.0,1.0,3.0,1.0,1.0,1.0,1.0,30.0,20.0,4.0,3.0,3.0,4.0,2.0,3.0,3.0,4.0,4.0,5.0,4.0,3.0,3.0,1.0,1.0,3.0,2.0,1.0,3.0,2.0,1.0,2.0,2.0,1.0,4.0,3.0,2.0,3.0,1.0,2.0,1.0,1.0,40.0,35.0
331,5.0,6.0,5.0,6.0,3.0,4.0,4.0,6.0,5.0,5.0,5.0,2.0,2.0,1.0,1.0,2.0,1.0,1.0,2.0,1.0,1.0,1.0,1.0,2.0,3.0,3.0,2.0,3.0,1.0,1.0,1.0,1.0,30.0,40.0,4.0,5.0,3.0,4.0,2.0,3.0,3.0,6.0,6.0,6.0,6.0,3.0,3.0,1.0,1.0,3.0,2.0,1.0,2.0,2.0,1.0,2.0,2.0,2.0,3.0,3.0,3.0,3.0,1.0,2.0,1.0,1.0,20.0,20.0
335,5.0,4.0,5.0,3.0,2.0,4.0,4.0,6.0,6.0,5.0,5.0,2.0,3.0,1.0,1.0,3.0,1.0,1.0,2.0,1.0,1.0,2.0,2.0,3.0,3.0,3.0,2.0,1.0,1.0,1.0,1.0,1.0,30.0,20.0,4.0,3.0,3.0,2.0,2.0,3.0,3.0,6.0,6.0,6.0,6.0,3.0,3.0,1.0,2.0,4.0,1.0,1.0,3.0,2.0,1.0,3.0,3.0,4.0,3.0,2.0,3.0,1.0,1.0,1.0,1.0,1.0,20.0,15.0
341,3.0,2.0,1.0,2.0,2.0,1.0,4.0,6.0,5.0,7.0,6.0,3.0,2.0,1.0,1.0,2.0,1.0,1.0,2.0,1.0,1.0,3.0,3.0,4.0,2.0,1.0,1.0,1.0,1.0,2.0,1.0,1.0,10.0,5.0,3.0,2.0,1.0,2.0,2.0,1.0,4.0,6.0,5.0,7.0,6.0,3.0,2.0,1.0,1.0,2.0,1.0,1.0,2.0,1.0,1.0,3.0,3.0,4.0,2.0,1.0,1.0,1.0,1.0,2.0,1.0,1.0,5.0,2.0
343,3.0,2.0,1.0,2.0,2.0,1.0,2.0,6.0,5.0,7.0,6.0,3.0,2.0,1.0,1.0,4.0,2.0,1.0,3.0,3.0,1.0,4.0,3.0,1.0,2.0,1.0,1.0,1.0,1.0,1.0,1.0,1.0,5.0,2.0,4.0,3.0,2.0,2.0,3.0,2.0,3.0,5.0,4.0,5.0,4.0,4.0,2.0,1.0,1.0,4.0,2.0,1.0,3.0,3.0,1.0,4.0,3.0,1.0,3.0,2.0,1.0,1.0,2.0,1.0,1.0,1.0,10.0,5.0
344,4.0,3.0,2.0,2.0,3.0,2.0,3.0,6.0,5.0,6.0,5.0,1.0,2.0,1.0,1.0,2.0,1.0,1.0,1.0,1.0,1.0,2.0,2.0,1.0,3.0,1.0,1.0,1.0,1.0,1.0,1.0,1.0,10.0,5.0,3.0,2.0,2.0,1.0,2.0,2.0,2.0,6.0,5.0,6.0,5.0,1.0,2.0,1.0,1.0,2.0,1.0,1.0,1.0,1.0,1.0,2.0,2.0,1.0,3.0,1.0,1.0,1.0,1.0,1.0,1.0,1.0,5.0,2.0
345,4.0,3.0,2.0,2.0,3.0,3.0,4.0,6.0,5.0,6.0,5.0,4.0,3.0,1.0,1.0,3.0,2.0,1.0,2.0,3.0,1.0,3.0,3.0,3.0,3.0,2.0,2.0,1.0,1.0,1.0,1.0,1.0,20.0,10.0,4.0,3.0,2.0,2.0,3.0,3.0,3.0,6.0,5.0,6.0,5.0,5.0,3.0,1.0,2.0,4.0,3.0,1.0,3.0,4.0,1.0,4.0,4.0,3.0,3.0,2.0,2.0,1.0,1.0,1.0,1.0,1.0,15.0,5.0
346,5.0,4.0,5.0,6.0,3.0,5.0,4.0,5.0,4.0,3.0,4.0,1.0,1.0,1.0,1.0,1.0,1.0,1.0,1.0,1.0,1.0,1.0,1.0,1.0,2.0,1.0,1.0,1.0,1.0,1.0,1.0,1.0,30.0,20.0,4.0,3.0,4.0,4.0,2.0,3.0,3.0,6.0,5.0,5.0,5.0,2.0,2.0,1.0,1.0,2.0,1.0,1.0,1.0,1.0,1.0,1.0,1.0,1.0,3.0,1.0,1.0,1.0,1.0,1.0,1.0,1.0,20.0,10.0
348,5.0,5.0,5.0,6.0,3.0,4.0,4.0,5.0,4.0,4.0,4.0,2.0,1.0,1.0,1.0,1.0,1.0,1.0,1.0,1.0,1.0,1.0,1.0,1.0,2.0,1.0,1.0,1.0,1.0,1.0,1.0,1.0,30.0,20.0,4.0,4.0,4.0,5.0,2.0,3.0,3.0,6.0,5.0,5.0,5.0,3.0,2.0,1.0,1.0,1.0,2.0,1.0,2.0,2.0,1.0,2.0,2.0,1.0,1.0,1.0,1.0,1.0,1.0,1.0,1.0,1.0,10.0,5.0
354,5.0,4.0,3.0,5.0,4.0,4.0,5.0,6.0,5.0,5.0,5.0,2.0,1.0,1.0,1.0,2.0,1.0,1.0,2.0,1.0,1.0,1.0,2.0,1.0,2.0,1.0,1.0,2.0,1.0,1.0,1.0,1.0,20.0,10.0,4.0,3.0,3.0,4.0,3.0,3.0,4.0,6.0,6.0,6.0,6.0,2.0,1.0,1.0,1.0,2.0,1.0,1.0,2.0,1.0,1.0,1.0,2.0,1.0,2.0,1.0,1.0,2.0,1.0,1.0,1.0,1.0,10.0,5.0
356,4.0,3.0,2.0,5.0,2.0,4.0,3.0,6.0,6.0,7.0,6.0,3.0,1.0,1.0,1.0,2.0,1.0,1.0,2.0,1.0,1.0,2.0,2.0,1.0,2.0,1.0,1.0,2.0,1.0,1.0,1.0,1.0,20.0,10.0,4.0,3.0,2.0,5.0,2.0,4.0,3.0,6.0,6.0,7.0,6.0,3.0,1.0,1.0,1.0,2.0,1.0,1.0,2.0,1.0,1.0,2.0,2.0,1.0,2.0,1.0,1.0,2.0,1.0,1.0,1.0,1.0,15.0,5.0
357,4.0,3.0,2.0,3.0,2.0,3.0,4.0,6.0,5.0,6.0,5.0,2.0,1.0,1.0,1.0,2.0,1.0,1.0,1.0,2.0,1.0,2.0,2.0,1.0,2.0,1.0,1.0,1.0,1.0,1.0,1.0,1.0,10.0,5.0,3.0,2.0,1.0,2.0,1.0,2.0,3.0,7.0,6.0,7.0,6.0,3.0,2.0,1.0,1.0,3.0,1.0,1.0,1.0,2.0,1.0,3.0,3.0,1.0,1.0,1.0,1.0,1.0,1.0,1.0,1.0,1.0,5.0,1.0
358,5.0,4.0,5.0,6.0,3.0,4.0,4.0,6.0,5.0,5.0,5.0,2.0,2.0,1.0,1.0,2.0,1.0,1.0,1.0,1.0,1.0,1.0,1.0,1.0,2.0,1.0,1.0,1.0,1.0,1.0,1.0,1.0,20.0,10.0,4.0,3.0,3.0,3.0,2.0,3.0,3.0,6.0,5.0,6.0,5.0,3.0,2.0,1.0,1.0,2.0,1.0,1.0,1.0,1.0,1.0,2.0,1.0,1.0,3.0,2.0,1.0,2.0,1.0,1.0,1.0,1.0,15.0,5.0
360,4.0,3.0,2.0,2.0,3.0,2.0,3.0,6.0,5.0,5.0,5.0,3.0,2.0,1.0,1.0,3.0,2.0,1.0,3.0,3.0,1.0,3.0,3.0,2.0,2.0,1.0,1.0,1.0,1.0,1.0,1.0,1.0,10.0,5.0,3.0,2.0,2.0,2.0,3.0,2.0,3.0,7.0,5.0,6.0,6.0,4.0,2.0,1.0,1.0,3.0,2.0,1.0,3.0,4.0,1.0,3.0,3.0,2.0,2.0,1.0,1.0,1.0,1.0,1.0,1.0,1.0,5.0,2.0
362,3.0,2.0,2.0,1.0,3.0,2.0,2.0,6.0,5.0,7.0,6.0,2.0,3.0,1.0,1.0,2.0,3.0,1.0,2.0,2.0,1.0,2.0,3.0,2.0,2.0,1.0,1.0,1.0,1.0,1.0,1.0,1.0,10.0,5.0,3.0,2.0,1.0,1.0,2.0,1.0,2.0,6.0,6.0,7.0,7.0,3.0,3.0,1.0,1.0,3.0,1.0,1.0,2.0,3.0,1.0,2.0,3.0,2.0,2.0,1.0,1.0,1.0,1.0,1.0,1.0,1.0,5.0,2.0
363,4.0,3.0,2.0,3.0,2.0,3.0,2.0,6.0,5.0,5.0,5.0,2.0,2.0,1.0,1.0,2.0,1.0,1.0,2.0,1.0,1.0,2.0,2.0,1.0,2.0,1.0,1.0,1.0,1.0,1.0,1.0,1.0,15.0,5.0,3.0,2.0,2.0,3.0,2.0,3.0,3.0,5.0,4.0,4.0,4.0,3.0,2.0,1.0,1.0,3.0,1.0,1.0,2.0,1.0,1.0,2.0,2.0,1.0,3.0,2.0,2.0,1.0,1.0,1.0,1.0,1.0,25.0,10.0
364,4.0,3.0,2.0,5.0,3.0,4.0,4.0,6.0,6.0,7.0,6.0,1.0,1.0,1.0,1.0,2.0,1.0,1.0,1.0,1.0,1.0,2.0,2.0,1.0,1.0,1.0,1.0,1.0,1.0,1.0,1.0,1.0,5.0,2.0,4.0,3.0,2.0,5.0,3.0,4.0,4.0,6.0,6.0,7.0,6.0,1.0,1.0,1.0,1.0,2.0,1.0,1.0,1.0,1.0,1.0,2.0,2.0,1.0,1.0,1.0,1.0,1.0,1.0,1.0,1.0,1.0,5.0,2.0
365,5.0,4.0,4.0,3.0,3.0,4.0,3.0,6.0,5.0,6.0,5.0,4.0,2.0,1.0,1.0,3.0,2.0,1.0,2.0,3.0,1.0,4.0,3.0,2.0,3.0,2.0,1.0,2.0,1.0,1.0,1.0,1.0,20.0,10.0,4.0,3.0,2.0,2.0,2.0,3.0,3.0,7.0,6.0,7.0,6.0,5.0,3.0,1.0,1.0,4.0,2.0,1.0,3.0,4.0,1.0,5.0,4.0,2.0,3.0,2.0,2.0,2.0,1.0,1.0,1.0,1.0,10.0,5.0
378,5.0,4.0,5.0,6.0,3.0,5.0,5.0,3.0,4.0,2.0,3.0,1.0,1.0,1.0,1.0,2.0,1.0,1.0,2.0,1.0,1.0,1.0,1.0,1.0,2.0,1.0,1.0,3.0,1.0,1.0,1.0,1.0,20.0,10.0,4.0,3.0,3.0,3.0,3.0,3.0,4.0,4.0,5.0,5.0,4.0,1.0,1.0,1.0,1.0,2.0,1.0,1.0,2.0,1.0,1.0,1.0,1.0,1.0,2.0,1.0,1.0,3.0,1.0,1.0,1.0,1.0,15.0,5.0
380,5.0,3.0,4.0,6.0,4.0,5.0,5.0,5.0,4.0,2.0,4.0,1.0,1.0,1.0,1.0,2.0,1.0,1.0,2.0,1.0,1.0,1.0,1.0,1.0,3.0,2.0,1.0,2.0,1.0,1.0,1.0,1.0,30.0,20.0,4.0,3.0,3.0,5.0,3.0,4.0,5.0,4.0,4.0,3.0,5.0,2.0,1.0,1.0,1.0,3.0,2.0,1.0,2.0,1.0,1.0,1.0,1.0,1.0,4.0,3.0,2.0,2.0,1.0,1.0,1.0,1.0,40.0,30.0
381,5.0,4.0,4.0,6.0,4.0,5.0,5.0,5.0,5.0,4.0,4.0,2.0,1.0,1.0,1.0,2.0,1.0,1.0,2.0,1.0,1.0,1.0,1.0,1.0,3.0,3.0,2.0,1.0,1.0,1.0,1.0,1.0,30.0,20.0,3.0,3.0,2.0,4.0,3.0,3.0,3.0,6.0,6.0,6.0,6.0,3.0,2.0,1.0,1.0,3.0,2.0,1.0,2.0,1.0,1.0,1.0,1.0,1.0,3.0,3.0,2.0,1.0,1.0,1.0,1.0,1.0,20.0,10.0
388,4.0,3.0,2.0,2.0,3.0,3.0,2.0,6.0,6.0,7.0,7.0,2.0,3.0,1.0,1.0,2.0,1.0,1.0,2.0,1.0,1.0,3.0,3.0,2.0,2.0,1.0,1.0,1.0,1.0,1.0,1.0,1.0,10.0,5.0,3.0,2.0,2.0,2.0,3.0,2.0,3.0,6.0,6.0,7.0,7.0,3.0,3.0,1.0,1.0,3.0,3.0,1.0,3.0,2.0,1.0,4.0,4.0,3.0,3.0,2.0,2.0,1.0,2.0,1.0,1.0,1.0,15.0,8.0
394,4.0,3.0,3.0,5.0,4.0,5.0,4.0,5.0,5.0,4.0,4.0,1.0,1.0,1.0,1.0,2.0,1.0,1.0,1.0,1.0,1.0,1.0,1.0,1.0,2.0,1.0,1.0,1.0,1.0,1.0,1.0,1.0,20.0,10.0,3.0,3.0,3.0,4.0,3.0,4.0,3.0,6.0,6.0,5.0,5.0,1.0,1.0,1.0,1.0,2.0,1.0,1.0,1.0,1.0,1.0,1.0,1.0,1.0,2.0,1.0,1.0,1.0,1.0,1.0,1.0,1.0,15.0,5.0
397,6.0,5.0,5.0,6.0,4.0,5.0,5.0,2.0,2.0,1.0,3.0,1.0,1.0,1.0,1.0,1.0,1.0,1.0,1.0,1.0,1.0,1.0,1.0,1.0,2.0,2.0,1.0,1.0,1.0,1.0,1.0,1.0,30.0,20.0,4.0,3.0,3.0,4.0,3.0,3.0,5.0,3.0,3.0,3.0,4.0,1.0,1.0,1.0,1.0,1.0,1.0,1.0,1.0,1.0,1.0,1.0,1.0,1.0,3.0,3.0,1.0,2.0,1.0,1.0,1.0,1.0,40.0,30.0
398,5.0,5.0,4.0,5.0,4.0,5.0,4.0,3.0,2.0,2.0,3.0,1.0,2.0,1.0,1.0,2.0,1.0,1.0,1.0,1.0,1.0,1.0,1.0,1.0,2.0,1.0,1.0,1.0,1.0,1.0,1.0,1.0,30.0,20.0,4.0,4.0,3.0,3.0,2.0,3.0,3.0,4.0,4.0,4.0,4.0,1.0,1.0,1.0,1.0,2.0,1.0,1.0,1.0,1.0,1.0,1.0,1.0,1.0,2.0,1.0,1.0,1.0,1.0,1.0,1.0,1.0,25.0,15.0
402,5.0,4.0,3.0,5.0,3.0,4.0,3.0,6.0,5.0,6.0,5.0,1.0,1.0,1.0,1.0,2.0,1.0,1.0,1.0,1.0,1.0,1.0,1.0,1.0,2.0,1.0,1.0,1.0,1.0,1.0,1.0,1.0,10.0,5.0,2.0,2.0,1.0,2.0,1.0,1.0,1.0,7.0,6.0,7.0,7.0,2.0,1.0,1.0,1.0,2.0,1.0,1.0,1.0,1.0,1.0,1.0,1.0,1.0,2.0,1.0,1.0,1.0,1.0,1.0,1.0,1.0,5.0,1.0
403,5.0,4.0,3.0,5.0,3.0,4.0,4.0,5.0,4.0,4.0,3.0,1.0,1.0,1.0,1.0,2.0,1.0,1.0,1.0,1.0,1.0,1.0,1.0,1.0,2.0,1.0,1.0,1.0,1.0,1.0,1.0,1.0,20.0,10.0,4.0,3.0,3.0,4.0,2.0,3.0,4.0,5.0,5.0,5.0,5.0,2.0,2.0,1.0,1.0,2.0,1.0,1.0,1.0,1.0,1.0,1.0,1.0,1.0,3.0,1.0,1.0,1.0,1.0,1.0,1.0,1.0,15.0,5.0
404,3.0,2.0,2.0,2.0,2.0,3.0,4.0,6.0,6.0,5.0,5.0,4.0,3.0,1.0,1.0,3.0,2.0,1.0,2.0,2.0,1.0,4.0,3.0,3.0,3.0,1.0,2.0,1.0,1.0,1.0,1.0,1.0,10.0,5.0,2.0,1.0,1.0,1.0,2.0,2.0,3.0,7.0,7.0,6.0,6.0,5.0,4.0,1.0,1.0,4.0,1.0,1.0,2.0,3.0,1.0,5.0,4.0,4.0,1.0,1.0,1.0,1.0,1.0,1.0,1.0,1.0,0.0,0.0
407,3.0,2.0,1.0,1.0,2.0,3.0,2.0,6.0,5.0,7.0,5.0,2.0,2.0,1.0,1.0,1.0,1.0,1.0,1.0,1.0,1.0,1.0,1.0,1.0,2.0,1.0,1.0,1.0,1.0,1.0,1.0,1.0,5.0,2.0,1.0,1.0,1.0,1.0,1.0,2.0,2.0,7.0,6.0,7.0,6.0,4.0,3.0,2.0,1.0,4.0,1.0,1.0,1.0,5.0,1.0,5.0,5.0,1.0,2.0,1.0,1.0,1.0,1.0,1.0,1.0,1.0,2.0,0.0
414,5.0,4.0,4.0,6.0,2.0,3.0,3.0,6.0,5.0,4.0,5.0,2.0,1.0,1.0,1.0,2.0,1.0,1.0,2.0,1.0,1.0,2.0,2.0,2.0,2.0,1.0,1.0,1.0,1.0,1.0,1.0,1.0,30.0,20.0,4.0,3.0,3.0,4.0,1.0,2.0,2.0,7.0,6.0,5.0,6.0,3.0,2.0,1.0,1.0,3.0,1.0,1.0,2.0,3.0,1.0,2.0,3.0,2.0,3.0,1.0,2.0,1.0,1.0,1.0,1.0,1.0,15.0,5.0
416,5.0,4.0,3.0,5.0,3.0,4.0,3.0,6.0,5.0,6.0,5.0,1.0,1.0,1.0,1.0,2.0,1.0,1.0,1.0,1.0,1.0,1.0,2.0,1.0,2.0,1.0,1.0,1.0,1.0,1.0,1.0,1.0,15.0,5.0,4.0,3.0,2.0,2.0,2.0,3.0,3.0,6.0,5.0,6.0,5.0,1.0,1.0,1.0,1.0,2.0,1.0,1.0,1.0,1.0,1.0,1.0,2.0,1.0,2.0,1.0,1.0,1.0,1.0,1.0,1.0,1.0,10.0,0.0
427,5.0,4.0,3.0,6.0,3.0,4.0,5.0,6.0,5.0,4.0,4.0,2.0,2.0,1.0,1.0,2.0,1.0,1.0,2.0,1.0,1.0,1.0,1.0,2.0,3.0,2.0,1.0,3.0,1.0,1.0,1.0,1.0,30.0,20.0,4.0,3.0,2.0,5.0,3.0,4.0,5.0,6.0,5.0,6.0,5.0,2.0,1.0,1.0,1.0,2.0,1.0,1.0,1.0,1.0,1.0,1.0,1.0,2.0,3.0,2.0,1.0,2.0,1.0,1.0,1.0,1.0,25.0,15.0
429,4.0,3.0,3.0,5.0,3.0,4.0,4.0,6.0,5.0,4.0,5.0,2.0,1.0,1.0,1.0,2.0,1.0,1.0,2.0,2.0,1.0,1.0,2.0,1.0,3.0,2.0,1.0,3.0,1.0,1.0,1.0,1.0,30.0,20.0,3.0,3.0,3.0,4.0,2.0,3.0,3.0,6.0,5.0,5.0,6.0,3.0,3.0,1.0,1.0,3.0,2.0,1.0,2.0,3.0,1.0,3.0,3.0,1.0,2.0,1.0,1.0,3.0,1.0,1.0,1.0,1.0,15.0,10.0
431,4.0,3.0,3.0,2.0,2.0,3.0,3.0,6.0,5.0,6.0,5.0,3.0,2.0,1.0,1.0,2.0,2.0,1.0,3.0,3.0,1.0,3.0,2.0,4.0,2.0,1.0,2.0,1.0,1.0,1.0,1.0,1.0,15.0,5.0,3.0,2.0,2.0,1.0,2.0,2.0,2.0,6.0,5.0,6.0,5.0,3.0,2.0,1.0,1.0,2.0,2.0,1.0,3.0,3.0,1.0,3.0,2.0,4.0,2.0,1.0,2.0,1.0,1.0,1.0,1.0,1.0,10.0,0.0
436,3.0,2.0,2.0,2.0,1.0,2.0,2.0,6.0,5.0,6.0,5.0,1.0,1.0,1.0,1.0,1.0,1.0,1.0,1.0,1.0,1.0,1.0,1.0,1.0,1.0,1.0,1.0,1.0,1.0,1.0,1.0,1.0,5.0,2.0,3.0,2.0,2.0,2.0,1.0,2.0,2.0,6.0,5.0,7.0,6.0,1.0,1.0,1.0,1.0,1.0,1.0,1.0,1.0,1.0,1.0,1.0,1.0,1.0,1.0,1.0,1.0,1.0,1.0,1.0,1.0,1.0,2.0,1.0
439,4.0,4.0,3.0,5.0,2.0,4.0,3.0,6.0,5.0,5.0,5.0,2.0,2.0,1.0,1.0,3.0,2.0,1.0,2.0,2.0,1.0,3.0,3.0,2.0,2.0,1.0,1.0,1.0,1.0,1.0,1.0,1.0,20.0,10.0,4.0,3.0,2.0,5.0,2.0,3.0,3.0,6.0,5.0,6.0,5.0,3.0,2.0,1.0,1.0,4.0,2.0,1.0,2.0,2.0,1.0,3.0,3.0,2.0,3.0,2.0,2.0,1.0,2.0,1.0,1.0,1.0,25.0,15.0
440,5.0,4.0,3.0,4.0,2.0,3.0,2.0,6.0,5.0,6.0,5.0,3.0,1.0,1.0,1.0,2.0,1.0,1.0,1.0,2.0,1.0,3.0,3.0,1.0,3.0,1.0,1.0,1.0,1.0,1.0,1.0,1.0,10.0,5.0,4.0,3.0,3.0,2.0,2.0,3.0,2.0,6.0,5.0,6.0,5.0,3.0,1.0,1.0,1.0,2.0,1.0,1.0,1.0,2.0,1.0,3.0,3.0,1.0,3.0,1.0,1.0,1.0,1.0,1.0,1.0,1.0,5.0,2.0
441,5.0,4.0,4.0,6.0,3.0,4.0,3.0,6.0,5.0,4.0,5.0,1.0,1.0,1.0,1.0,2.0,1.0,1.0,2.0,1.0,1.0,1.0,1.0,1.0,2.0,2.0,1.0,1.0,1.0,1.0,1.0,1.0,20.0,10.0,4.0,3.0,3.0,5.0,3.0,4.0,3.0,6.0,5.0,4.0,5.0,2.0,1.0,1.0,1.0,2.0,1.0,1.0,2.0,1.0,1.0,1.0,1.0,1.0,3.0,3.0,1.0,1.0,1.0,1.0,1.0,1.0,30.0,20.0
442,4.0,5.0,3.0,6.0,4.0,5.0,4.0,6.0,5.0,4.0,5.0,2.0,2.0,1.0,1.0,2.0,1.0,1.0,2.0,1.0,1.0,1.0,2.0,1.0,3.0,2.0,2.0,3.0,1.0,1.0,1.0,1.0,30.0,20.0,3.0,3.0,2.0,4.0,2.0,3.0,3.0,7.0,6.0,6.0,6.0,3.0,3.0,2.0,2.0,3.0,2.0,1.0,2.0,2.0,1.0,2.0,3.0,1.0,3.0,2.0,2.0,3.0,1.0,1.0,1.0,1.0,15.0,10.0
454,4.0,3.0,2.0,2.0,3.0,2.0,2.0,6.0,5.0,5.0,6.0,3.0,2.0,1.0,1.0,3.0,1.0,1.0,1.0,3.0,2.0,2.0,3.0,2.0,3.0,2.0,1.0,1.0,1.0,1.0,1.0,1.0,10.0,5.0,3.0,3.0,2.0,2.0,3.0,3.0,3.0,5.0,4.0,4.0,5.0,3.0,2.0,1.0,1.0,3.0,1.0,1.0,1.0,3.0,2.0,2.0,3.0,2.0,3.0,2.0,2.0,2.0,1.0,1.0,1.0,1.0,15.0,10.0
459,3.0,2.0,1.0,2.0,2.0,2.0,1.0,6.0,6.0,7.0,5.0,1.0,1.0,1.0,1.0,3.0,2.0,1.0,2.0,2.0,1.0,2.0,2.0,1.0,2.0,1.0,1.0,1.0,1.0,1.0,1.0,1.0,10.0,5.0,3.0,2.0,1.0,2.0,2.0,2.0,1.0,6.0,6.0,7.0,5.0,1.0,1.0,1.0,1.0,3.0,2.0,1.0,2.0,2.0,1.0,2.0,2.0,1.0,2.0,1.0,1.0,1.0,1.0,1.0,1.0,1.0,5.0,2.0
461,5.0,4.0,4.0,3.0,2.0,3.0,4.0,6.0,5.0,5.0,6.0,2.0,3.0,1.0,1.0,2.0,1.0,1.0,1.0,1.0,1.0,1.0,1.0,2.0,2.0,1.0,1.0,1.0,1.0,1.0,1.0,1.0,15.0,5.0,4.0,3.0,3.0,2.0,2.0,2.0,4.0,7.0,6.0,6.0,7.0,3.0,4.0,1.0,1.0,3.0,3.0,1.0,1.0,2.0,1.0,2.0,2.0,2.0,2.0,1.0,1.0,1.0,1.0,1.0,1.0,1.0,10.0,2.0
467,4.0,5.0,5.0,6.0,2.0,3.0,4.0,6.0,5.0,5.0,6.0,1.0,1.0,1.0,1.0,2.0,1.0,1.0,1.0,1.0,1.0,1.0,1.0,1.0,2.0,1.0,1.0,2.0,1.0,1.0,1.0,1.0,20.0,10.0,5.0,4.0,5.0,6.0,3.0,4.0,5.0,5.0,4.0,4.0,5.0,2.0,2.0,1.0,1.0,3.0,1.0,1.0,1.0,2.0,1.0,2.0,1.0,1.0,3.0,2.0,2.0,3.0,1.0,1.0,1.0,1.0,35.0,25.0
469,5.0,5.0,4.0,5.0,3.0,3.0,4.0,6.0,6.0,6.0,5.0,1.0,1.0,1.0,1.0,1.0,1.0,1.0,1.0,1.0,1.0,1.0,1.0,1.0,2.0,1.0,1.0,1.0,1.0,1.0,1.0,1.0,20.0,10.0,4.0,4.0,3.0,4.0,2.0,3.0,4.0,6.0,6.0,6.0,6.0,1.0,1.0,1.0,1.0,1.0,1.0,1.0,1.0,1.0,1.0,1.0,1.0,1.0,2.0,1.0,1.0,1.0,1.0,1.0,1.0,1.0,15.0,5.0
473,4.0,3.0,2.0,3.0,2.0,4.0,4.0,6.0,5.0,5.0,5.0,2.0,2.0,1.0,1.0,2.0,1.0,1.0,2.0,1.0,1.0,2.0,2.0,1.0,2.0,1.0,1.0,1.0,1.0,1.0,1.0,1.0,20.0,10.0,3.0,2.0,2.0,2.0,2.0,3.0,3.0,6.0,5.0,6.0,5.0,2.0,2.0,1.0,1.0,2.0,1.0,1.0,2.0,1.0,1.0,2.0,2.0,1.0,2.0,1.0,1.0,1.0,1.0,1.0,1.0,1.0,15.0,5.0
476,3.0,2.0,1.0,3.0,2.0,2.0,2.0,6.0,5.0,5.0,6.0,1.0,1.0,1.0,1.0,1.0,1.0,1.0,1.0,1.0,1.0,1.0,1.0,1.0,1.0,1.0,1.0,1.0,1.0,1.0,1.0,1.0,5.0,2.0,3.0,2.0,1.0,3.0,2.0,2.0,2.0,6.0,5.0,5.0,6.0,1.0,1.0,1.0,1.0,1.0,1.0,1.0,1.0,1.0,1.0,1.0,1.0,1.0,1.0,1.0,1.0,1.0,1.0,1.0,1.0,1.0,5.0,2.0
482,3.0,2.0,2.0,2.0,1.0,2.0,2.0,6.0,6.0,7.0,7.0,3.0,2.0,1.0,1.0,4.0,2.0,1.0,3.0,3.0,1.0,4.0,4.0,2.0,2.0,1.0,1.0,1.0,1.0,1.0,1.0,1.0,5.0,2.0,4.0,3.0,2.0,3.0,2.0,3.0,3.0,5.0,5.0,6.0,6.0,4.0,3.0,1.0,1.0,5.0,3.0,1.0,4.0,4.0,1.0,5.0,5.0,2.0,3.0,2.0,2.0,2.0,1.0,1.0,1.0,1.0,10.0,5.0
484,3.0,2.0,2.0,1.0,2.0,2.0,2.0,6.0,5.0,7.0,6.0,2.0,3.0,1.0,1.0,4.0,3.0,1.0,3.0,4.0,1.0,4.0,4.0,5.0,2.0,1.0,1.0,1.0,1.0,1.0,1.0,1.0,5.0,2.0,3.0,2.0,2.0,1.0,1.0,1.0,1.0,7.0,5.0,7.0,7.0,4.0,4.0,2.0,3.0,5.0,4.0,1.0,4.0,5.0,1.0,5.0,5.0,5.0,3.0,2.0,2.0,1.0,1.0,2.0,1.0,1.0,2.0,1.0
488,3.0,3.0,2.0,2.0,2.0,2.0,3.0,6.0,6.0,7.0,6.0,3.0,1.0,1.0,1.0,3.0,1.0,1.0,3.0,2.0,1.0,3.0,3.0,1.0,2.0,1.0,1.0,1.0,1.0,1.0,1.0,1.0,5.0,2.0,4.0,3.0,3.0,2.0,3.0,3.0,3.0,5.0,5.0,6.0,5.0,4.0,2.0,1.0,1.0,3.0,2.0,1.0,3.0,3.0,1.0,3.0,3.0,1.0,3.0,2.0,2.0,1.0,1.0,1.0,1.0,1.0,15.0,7.0
490,4.0,3.0,2.0,2.0,2.0,3.0,3.0,6.0,6.0,7.0,6.0,4.0,3.0,2.0,1.0,4.0,3.0,1.0,3.0,3.0,1.0,4.0,3.0,4.0,3.0,2.0,1.0,1.0,1.0,1.0,1.0,1.0,10.0,5.0,3.0,2.0,2.0,2.0,2.0,3.0,2.0,7.0,7.0,7.0,7.0,5.0,4.0,2.0,1.0,5.0,4.0,1.0,4.0,4.0,1.0,5.0,4.0,5.0,2.0,1.0,1.0,1.0,1.0,1.0,1.0,1.0,5.0,2.0
494,5.0,3.0,2.0,4.0,2.0,3.0,4.0,6.0,5.0,6.0,5.0,1.0,1.0,1.0,1.0,2.0,1.0,1.0,2.0,1.0,1.0,1.0,1.0,1.0,3.0,2.0,1.0,1.0,1.0,1.0,1.0,1.0,20.0,10.0,4.0,3.0,2.0,4.0,2.0,4.0,4.0,6.0,5.0,5.0,4.0,1.0,1.0,1.0,1.0,3.0,1.0,1.0,2.0,1.0,1.0,1.0,1.0,1.0,3.0,2.0,1.0,1.0,1.0,1.0,1.0,1.0,30.0,20.0
497,5.0,4.0,3.0,4.0,2.0,3.0,4.0,6.0,5.0,6.0,5.0,2.0,1.0,1.0,1.0,2.0,3.0,1.0,1.0,1.0,1.0,2.0,2.0,1.0,2.0,1.0,1.0,1.0,1.0,1.0,1.0,1.0,20.0,10.0,4.0,3.0,2.0,3.0,2.0,3.0,3.0,6.0,5.0,6.0,5.0,2.0,1.0,1.0,1.0,3.0,3.0,1.0,2.0,1.0,1.0,3.0,3.0,1.0,3.0,1.0,1.0,1.0,1.0,1.0,1.0,1.0,15.0,5.0
498,5.0,4.0,3.0,5.0,3.0,4.0,4.0,6.0,5.0,5.0,6.0,2.0,2.0,1.0,1.0,2.0,1.0,1.0,2.0,1.0,1.0,1.0,2.0,3.0,2.0,1.0,1.0,2.0,1.0,1.0,1.0,1.0,30.0,10.0,4.0,3.0,2.0,3.0,3.0,3.0,3.0,6.0,6.0,6.0,7.0,3.0,2.0,1.0,1.0,3.0,1.0,1.0,3.0,2.0,1.0,2.0,2.0,3.0,2.0,2.0,1.0,2.0,1.0,1.0,1.0,1.0,20.0,5.0
501,4.0,3.0,2.0,2.0,2.0,3.0,3.0,6.0,5.0,5.0,6.0,2.0,1.0,1.0,1.0,2.0,3.0,1.0,2.0,1.0,1.0,1.0,2.0,2.0,3.0,1.0,1.0,1.0,1.0,1.0,1.0,1.0,15.0,5.0,4.0,3.0,2.0,2.0,2.0,3.0,3.0,6.0,4.0,4.0,5.0,2.0,1.0,1.0,1.0,2.0,3.0,1.0,2.0,1.0,1.0,1.0,2.0,2.0,3.0,2.0,1.0,1.0,1.0,1.0,1.0,1.0,20.0,10.0
502,5.0,4.0,4.0,5.0,3.0,4.0,5.0,6.0,5.0,6.0,5.0,2.0,1.0,1.0,1.0,3.0,1.0,1.0,1.0,1.0,1.0,1.0,1.0,1.0,3.0,3.0,2.0,3.0,1.0,1.0,1.0,1.0,20.0,10.0,4.0,3.0,3.0,4.0,3.0,3.0,5.0,6.0,5.0,5.0,4.0,2.0,1.0,1.0,1.0,4.0,1.0,1.0,1.0,1.0,1.0,1.0,1.0,1.0,3.0,3.0,2.0,2.0,1.0,1.0,1.0,1.0,30.0,20.0
507,5.0,4.0,3.0,5.0,4.0,5.0,5.0,6.0,5.0,4.0,4.0,1.0,1.0,1.0,1.0,1.0,1.0,1.0,1.0,1.0,1.0,1.0,1.0,1.0,4.0,3.0,2.0,4.0,1.0,2.0,1.0,1.0,55.0,40.0,4.0,3.0,3.0,3.0,3.0,4.0,4.0,6.0,5.0,5.0,5.0,2.0,1.0,1.0,1.0,2.0,1.0,1.0,1.0,1.0,1.0,1.0,1.0,1.0,3.0,3.0,2.0,4.0,1.0,2.0,1.0,1.0,50.0,45.0
512,5.0,5.0,4.0,6.0,4.0,4.0,5.0,6.0,4.0,3.0,5.0,2.0,1.0,1.0,1.0,3.0,2.0,1.0,2.0,2.0,1.0,2.0,3.0,1.0,3.0,3.0,2.0,2.0,1.0,1.0,1.0,1.0,35.0,20.0,4.0,4.0,3.0,4.0,3.0,3.0,3.0,6.0,5.0,5.0,6.0,3.0,3.0,2.0,2.0,4.0,3.0,1.0,3.0,3.0,1.0,3.0,4.0,2.0,3.0,2.0,2.0,2.0,1.0,1.0,1.0,1.0,20.0,10.0
513,5.0,4.0,4.0,4.0,3.0,4.0,4.0,5.0,4.0,4.0,3.0,2.0,2.0,1.0,1.0,2.0,1.0,1.0,2.0,1.0,1.0,1.0,1.0,1.0,2.0,3.0,1.0,2.0,1.0,1.0,1.0,1.0,30.0,20.0,4.0,3.0,3.0,3.0,3.0,3.0,3.0,6.0,5.0,5.0,4.0,3.0,3.0,1.0,1.0,2.0,1.0,1.0,2.0,1.0,1.0,1.0,1.0,1.0,3.0,3.0,1.0,2.0,1.0,1.0,1.0,1.0,25.0,15.0
515,4.0,2.0,3.0,2.0,2.0,3.0,1.0,6.0,7.0,7.0,6.0,2.0,3.0,1.0,1.0,3.0,2.0,1.0,3.0,2.0,1.0,3.0,2.0,1.0,3.0,2.0,1.0,1.0,1.0,1.0,1.0,1.0,15.0,5.0,4.0,3.0,3.0,3.0,2.0,3.0,2.0,5.0,6.0,6.0,5.0,3.0,4.0,1.0,2.0,3.0,3.0,1.0,3.0,3.0,1.0,4.0,3.0,2.0,3.0,2.0,2.0,1.0,1.0,1.0,1.0,1.0,20.0,10.0
519,5.0,4.0,4.0,5.0,3.0,5.0,4.0,5.0,4.0,3.0,4.0,1.0,1.0,1.0,1.0,2.0,1.0,1.0,1.0,1.0,1.0,1.0,2.0,1.0,2.0,1.0,1.0,2.0,1.0,1.0,1.0,1.0,30.0,20.0,4.0,3.0,3.0,4.0,3.0,4.0,4.0,5.0,4.0,3.0,4.0,2.0,1.0,1.0,1.0,2.0,1.0,1.0,1.0,1.0,1.0,1.0,2.0,1.0,2.0,1.0,1.0,2.0,1.0,1.0,1.0,1.0,25.0,15.0
524,4.0,3.0,2.0,2.0,1.0,1.0,2.0,6.0,5.0,7.0,6.0,3.0,1.0,1.0,1.0,2.0,1.0,1.0,2.0,2.0,1.0,3.0,3.0,1.0,2.0,1.0,1.0,1.0,1.0,1.0,1.0,1.0,5.0,2.0,3.0,2.0,2.0,1.0,1.0,1.0,2.0,7.0,6.0,7.0,7.0,4.0,2.0,1.0,2.0,4.0,1.0,1.0,3.0,3.0,1.0,4.0,4.0,1.0,3.0,2.0,2.0,1.0,1.0,1.0,1.0,1.0,2.0,1.0
525,3.0,2.0,1.0,2.0,2.0,2.0,3.0,6.0,6.0,7.0,6.0,5.0,4.0,2.0,2.0,4.0,3.0,1.0,3.0,3.0,1.0,4.0,4.0,2.0,2.0,1.0,1.0,1.0,1.0,1.0,1.0,1.0,10.0,5.0,2.0,1.0,1.0,1.0,1.0,1.0,2.0,7.0,7.0,7.0,7.0,5.0,5.0,3.0,3.0,5.0,4.0,1.0,4.0,4.0,1.0,5.0,5.0,3.0,1.0,1.0,1.0,1.0,1.0,1.0,1.0,1.0,2.0,1.0
526,4.0,3.0,2.0,3.0,2.0,2.0,3.0,6.0,5.0,7.0,6.0,4.0,3.0,1.0,2.0,5.0,4.0,1.0,3.0,2.0,1.0,3.0,4.0,2.0,2.0,1.0,1.0,1.0,1.0,1.0,1.0,1.0,10.0,5.0,3.0,2.0,1.0,2.0,1.0,1.0,2.0,7.0,6.0,7.0,7.0,5.0,4.0,1.0,3.0,5.0,5.0,1.0,4.0,3.0,1.0,4.0,5.0,3.0,1.0,1.0,1.0,1.0,1.0,1.0,1.0,1.0,2.0,1.0
534,4.0,3.0,2.0,2.0,3.0,4.0,3.0,6.0,5.0,6.0,5.0,3.0,2.0,1.0,1.0,2.0,1.0,1.0,1.0,2.0,1.0,3.0,3.0,2.0,3.0,2.0,2.0,4.0,1.0,1.0,1.0,1.0,20.0,10.0,4.0,3.0,2.0,2.0,3.0,4.0,3.0,6.0,5.0,6.0,5.0,4.0,3.0,1.0,1.0,3.0,1.0,1.0,1.0,3.0,1.0,4.0,4.0,2.0,3.0,2.0,2.0,3.0,1.0,1.0,1.0,1.0,15.0,5.0
539,5.0,4.0,5.0,6.0,4.0,5.0,5.0,3.0,3.0,2.0,3.0,2.0,1.0,1.0,1.0,1.0,1.0,1.0,1.0,1.0,1.0,1.0,1.0,1.0,2.0,1.0,1.0,1.0,1.0,1.0,1.0,1.0,20.0,10.0,4.0,3.0,4.0,5.0,3.0,4.0,4.0,4.0,3.0,3.0,4.0,2.0,1.0,1.0,1.0,1.0,1.0,1.0,1.0,1.0,1.0,1.0,1.0,1.0,2.0,1.0,1.0,1.0,1.0,1.0,1.0,1.0,15.0,5.0
541,5.0,4.0,4.0,5.0,3.0,5.0,4.0,5.0,5.0,4.0,4.0,2.0,1.0,1.0,1.0,2.0,2.0,1.0,1.0,1.0,1.0,1.0,1.0,1.0,3.0,3.0,2.0,3.0,1.0,1.0,1.0,1.0,40.0,30.0,3.0,3.0,2.0,2.0,2.0,3.0,2.0,6.0,6.0,6.0,5.0,4.0,3.0,2.0,3.0,4.0,3.0,2.0,3.0,3.0,1.0,3.0,3.0,3.0,4.0,3.0,3.0,3.0,2.0,2.0,1.0,1.0,10.0,5.0
543,4.0,3.0,2.0,2.0,2.0,3.0,3.0,6.0,5.0,5.0,6.0,3.0,2.0,1.0,1.0,2.0,1.0,1.0,2.0,1.0,1.0,3.0,2.0,1.0,2.0,1.0,1.0,2.0,1.0,1.0,1.0,1.0,10.0,5.0,3.0,2.0,2.0,2.0,1.0,2.0,3.0,7.0,6.0,6.0,7.0,3.0,2.0,1.0,1.0,2.0,1.0,1.0,2.0,1.0,1.0,3.0,2.0,1.0,2.0,1.0,1.0,2.0,1.0,1.0,1.0,1.0,5.0,2.0
544,5.0,4.0,3.0,4.0,4.0,5.0,4.0,5.0,5.0,6.0,4.0,2.0,1.0,1.0,1.0,2.0,1.0,1.0,2.0,1.0,1.0,1.0,2.0,1.0,2.0,1.0,1.0,1.0,1.0,1.0,1.0,1.0,30.0,20.0,4.0,3.0,3.0,3.0,3.0,4.0,3.0,6.0,6.0,7.0,6.0,2.0,1.0,1.0,1.0,2.0,1.0,1.0,2.0,1.0,1.0,1.0,2.0,1.0,2.0,1.0,1.0,1.0,1.0,1.0,1.0,1.0,10.0,5.0
548,3.0,2.0,1.0,1.0,2.0,2.0,1.0,7.0,6.0,7.0,6.0,3.0,2.0,1.0,1.0,2.0,1.0,1.0,2.0,2.0,1.0,3.0,3.0,2.0,2.0,1.0,1.0,1.0,1.0,1.0,1.0,1.0,5.0,2.0,4.0,3.0,2.0,2.0,2.0,2.0,1.0,7.0,6.0,7.0,5.0,4.0,2.0,1.0,1.0,2.0,1.0,1.0,2.0,2.0,1.0,3.0,3.0,2.0,3.0,2.0,1.0,1.0,1.0,1.0,1.0,1.0,10.0,5.0
553,4.0,3.0,2.0,2.0,2.0,3.0,3.0,6.0,5.0,6.0,5.0,1.0,1.0,1.0,1.0,2.0,1.0,1.0,1.0,1.0,1.0,1.0,1.0,1.0,2.0,1.0,1.0,2.0,1.0,1.0,1.0,1.0,10.0,5.0,4.0,3.0,2.0,2.0,2.0,3.0,3.0,6.0,5.0,6.0,5.0,2.0,1.0,1.0,1.0,2.0,1.0,1.0,1.0,1.0,1.0,1.0,1.0,1.0,2.0,1.0,1.0,2.0,1.0,1.0,1.0,1.0,10.0,5.0
555,3.0,2.0,1.0,2.0,2.0,3.0,3.0,6.0,5.0,6.0,5.0,4.0,3.0,2.0,2.0,4.0,3.0,1.0,3.0,3.0,1.0,4.0,4.0,3.0,3.0,2.0,1.0,3.0,1.0,1.0,1.0,1.0,15.0,5.0,4.0,3.0,1.0,3.0,3.0,3.0,3.0,5.0,5.0,6.0,5.0,5.0,4.0,2.0,3.0,5.0,4.0,1.0,4.0,4.0,1.0,5.0,5.0,4.0,4.0,2.0,1.0,3.0,1.0,1.0,1.0,1.0,10.0,2.0
556,5.0,3.0,2.0,3.0,2.0,2.0,4.0,6.0,5.0,5.0,5.0,3.0,1.0,1.0,1.0,2.0,1.0,1.0,2.0,1.0,1.0,3.0,3.0,2.0,2.0,1.0,1.0,1.0,1.0,1.0,1.0,1.0,10.0,5.0,3.0,2.0,1.0,2.0,1.0,2.0,3.0,6.0,6.0,6.0,6.0,4.0,1.0,1.0,1.0,3.0,1.0,1.0,2.0,1.0,1.0,4.0,4.0,2.0,2.0,1.0,1.0,1.0,1.0,1.0,1.0,1.0,5.0,2.0
558,5.0,4.0,5.0,6.0,3.0,5.0,5.0,5.0,3.0,4.0,4.0,2.0,2.0,1.0,1.0,3.0,1.0,1.0,2.0,2.0,1.0,2.0,3.0,2.0,3.0,3.0,2.0,4.0,1.0,1.0,1.0,1.0,35.0,20.0,4.0,3.0,4.0,5.0,4.0,4.0,5.0,4.0,4.0,3.0,3.0,3.0,3.0,1.0,2.0,4.0,2.0,1.0,3.0,3.0,1.0,3.0,4.0,3.0,4.0,4.0,3.0,4.0,2.0,2.0,1.0,1.0,45.0,30.0
559,4.0,2.0,3.0,2.0,3.0,2.0,3.0,6.0,5.0,6.0,5.0,1.0,1.0,1.0,1.0,2.0,1.0,1.0,2.0,1.0,1.0,2.0,2.0,1.0,2.0,1.0,1.0,1.0,1.0,1.0,1.0,1.0,10.0,5.0,4.0,2.0,3.0,2.0,3.0,2.0,3.0,6.0,5.0,6.0,5.0,1.0,1.0,1.0,1.0,2.0,1.0,1.0,2.0,1.0,1.0,2.0,2.0,1.0,2.0,1.0,1.0,1.0,1.0,1.0,1.0,1.0,5.0,2.0
560,5.0,4.0,3.0,5.0,2.0,4.0,3.0,6.0,5.0,6.0,5.0,2.0,1.0,1.0,1.0,2.0,1.0,1.0,1.0,2.0,1.0,2.0,2.0,2.0,3.0,1.0,2.0,1.0,1.0,1.0,1.0,1.0,20.0,10.0,3.0,2.0,2.0,2.0,1.0,2.0,2.0,7.0,6.0,7.0,6.0,3.0,2.0,1.0,1.0,3.0,1.0,1.0,1.0,2.0,1.0,3.0,2.0,1.0,3.0,1.0,2.0,1.0,1.0,1.0,1.0,1.0,10.0,5.0
564,4.0,3.0,2.0,2.0,3.0,4.0,3.0,6.0,5.0,7.0,6.0,3.0,4.0,1.0,2.0,4.0,3.0,1.0,3.0,4.0,1.0,3.0,3.0,2.0,3.0,2.0,2.0,1.0,1.0,1.0,1.0,1.0,15.0,5.0,3.0,2.0,1.0,1.0,2.0,3.0,3.0,6.0,5.0,7.0,6.0,4.0,5.0,2.0,3.0,5.0,4.0,1.0,4.0,5.0,1.0,4.0,4.0,2.0,2.0,1.0,1.0,1.0,1.0,1.0,1.0,1.0,5.0,0.0
569,3.0,2.0,1.0,1.0,2.0,2.0,2.0,6.0,6.0,7.0,6.0,2.0,3.0,1.0,1.0,4.0,3.0,1.0,2.0,3.0,1.0,3.0,4.0,2.0,2.0,1.0,1.0,1.0,1.0,1.0,1.0,1.0,5.0,2.0,4.0,2.0,1.0,1.0,2.0,2.0,2.0,6.0,6.0,6.0,5.0,2.0,4.0,1.0,1.0,4.0,4.0,1.0,2.0,4.0,1.0,4.0,4.0,3.0,3.0,2.0,2.0,1.0,1.0,1.0,1.0,1.0,10.0,5.0
574,5.0,4.0,5.0,6.0,2.0,4.0,3.0,6.0,5.0,5.0,6.0,2.0,2.0,1.0,1.0,2.0,1.0,1.0,1.0,2.0,1.0,2.0,2.0,1.0,3.0,3.0,2.0,1.0,1.0,1.0,1.0,1.0,20.0,10.0,4.0,3.0,4.0,6.0,3.0,4.0,3.0,5.0,6.0,5.0,5.0,3.0,3.0,1.0,1.0,3.0,2.0,1.0,2.0,2.0,1.0,3.0,3.0,1.0,4.0,3.0,2.0,2.0,1.0,1.0,1.0,1.0,30.0,20.0
575,5.0,4.0,5.0,6.0,2.0,4.0,3.0,6.0,5.0,5.0,4.0,1.0,1.0,1.0,1.0,2.0,1.0,1.0,2.0,1.0,1.0,1.0,1.0,1.0,3.0,1.0,1.0,2.0,1.0,1.0,1.0,1.0,20.0,10.0,4.0,3.0,3.0,3.0,2.0,3.0,3.0,6.0,5.0,6.0,5.0,2.0,1.0,1.0,1.0,3.0,1.0,1.0,2.0,1.0,1.0,2.0,1.0,1.0,3.0,1.0,2.0,2.0,1.0,1.0,1.0,1.0,10.0,5.0
576,3.0,2.0,1.0,2.0,3.0,2.0,3.0,6.0,7.0,6.0,5.0,3.0,2.0,1.0,2.0,4.0,3.0,1.0,4.0,2.0,1.0,3.0,4.0,1.0,2.0,1.0,1.0,1.0,1.0,1.0,1.0,1.0,5.0,2.0,4.0,2.0,1.0,2.0,3.0,3.0,3.0,6.0,6.0,6.0,5.0,4.0,3.0,1.0,2.0,4.0,3.0,1.0,4.0,3.0,1.0,4.0,5.0,1.0,3.0,2.0,2.0,2.0,2.0,1.0,1.0,1.0,10.0,5.0
578,4.0,5.0,4.0,5.0,3.0,4.0,3.0,6.0,5.0,6.0,5.0,4.0,2.0,1.0,1.0,4.0,3.0,1.0,4.0,3.0,1.0,4.0,4.0,2.0,3.0,1.0,2.0,1.0,1.0,1.0,1.0,1.0,20.0,10.0,4.0,4.0,4.0,4.0,2.0,3.0,3.0,6.0,5.0,6.0,6.0,5.0,2.0,1.0,1.0,5.0,4.0,1.0,5.0,4.0,1.0,5.0,5.0,2.0,3.0,1.0,2.0,1.0,1.0,1.0,1.0,1.0,10.0,5.0
579,3.0,2.0,2.0,2.0,2.0,1.0,1.0,6.0,6.0,7.0,6.0,1.0,1.0,1.0,1.0,2.0,2.0,1.0,1.0,2.0,1.0,2.0,2.0,1.0,2.0,1.0,1.0,1.0,1.0,1.0,1.0,1.0,5.0,2.0,3.0,2.0,2.0,1.0,1.0,1.0,1.0,7.0,7.0,7.0,6.0,1.0,1.0,1.0,1.0,2.0,2.0,1.0,1.0,2.0,1.0,2.0,2.0,1.0,1.0,1.0,1.0,1.0,1.0,1.0,1.0,1.0,2.0,1.0
588,4.0,3.0,3.0,2.0,3.0,4.0,3.0,5.0,5.0,6.0,5.0,1.0,1.0,1.0,1.0,3.0,1.0,1.0,2.0,1.0,1.0,1.0,1.0,1.0,3.0,2.0,1.0,1.0,1.0,1.0,1.0,1.0,20.0,10.0,4.0,3.0,3.0,2.0,3.0,4.0,3.0,6.0,5.0,6.0,5.0,2.0,1.0,1.0,1.0,3.0,1.0,1.0,2.0,1.0,1.0,1.0,1.0,1.0,3.0,2.0,1.0,1.0,1.0,1.0,1.0,1.0,15.0,5.0
589,5.0,4.0,5.0,6.0,3.0,4.0,4.0,5.0,4.0,5.0,4.0,2.0,1.0,1.0,1.0,3.0,1.0,1.0,2.0,1.0,1.0,1.0,1.0,1.0,3.0,2.0,1.0,2.0,1.0,1.0,1.0,1.0,35.0,20.0,4.0,3.0,3.0,4.0,2.0,3.0,3.0,6.0,5.0,6.0,5.0,2.0,1.0,1.0,1.0,3.0,1.0,1.0,2.0,1.0,1.0,1.0,1.0,1.0,3.0,2.0,1.0,2.0,1.0,1.0,1.0,1.0,20.0,10.0
597,4.0,3.0,2.0,2.0,1.0,3.0,2.0,6.0,6.0,7.0,6.0,4.0,3.0,1.0,1.0,4.0,3.0,1.0,4.0,3.0,1.0,3.0,3.0,4.0,3.0,1.0,2.0,1.0,1.0,1.0,1.0,1.0,10.0,5.0,3.0,2.0,1.0,1.0,1.0,2.0,1.0,7.0,7.0,7.0,7.0,5.0,4.0,2.0,2.0,5.0,4.0,1.0,5.0,4.0,1.0,4.0,4.0,5.0,2.0,1.0,1.0,1.0,1.0,1.0,1.0,1.0,2.0,1.0
598,4.0,3.0,2.0,3.0,2.0,4.0,3.0,6.0,5.0,6.0,5.0,1.0,1.0,1.0,1.0,1.0,1.0,1.0,1.0,1.0,1.0,1.0,1.0,1.0,2.0,1.0,1.0,1.0,1.0,1.0,1.0,1.0,20.0,10.0,3.0,2.0,2.0,2.0,2.0,3.0,3.0,6.0,5.0,6.0,5.0,1.0,1.0,1.0,1.0,1.0,1.0,1.0,1.0,1.0,1.0,1.0,1.0,1.0,2.0,1.0,1.0,1.0,1.0,1.0,1.0,1.0,15.0,5.0
600,4.0,3.0,3.0,5.0,2.0,4.0,4.0,6.0,5.0,6.0,5.0,2.0,1.0,1.0,1.0,2.0,1.0,1.0,2.0,2.0,1.0,3.0,3.0,1.0,3.0,3.0,1.0,1.0,1.0,1.0,1.0,1.0,30.0,20.0,4.0,3.0,3.0,5.0,2.0,4.0,4.0,6.0,5.0,5.0,5.0,2.0,1.0,1.0,1.0,2.0,1.0,1.0,2.0,2.0,1.0,3.0,3.0,1.0,3.0,3.0,1.0,1.0,1.0,1.0,1.0,1.0,40.0,30.0
604,5.0,5.0,4.0,6.0,5.0,5.0,5.0,6.0,5.0,4.0,4.0,1.0,1.0,1.0,1.0,1.0,1.0,1.0,1.0,1.0,1.0,1.0,1.0,1.0,2.0,1.0,1.0,2.0,1.0,1.0,1.0,1.0,30.0,20.0,3.0,3.0,2.0,3.0,3.0,2.0,3.0,6.0,6.0,6.0,5.0,1.0,2.0,1.0,1.0,1.0,1.0,1.0,1.0,1.0,1.0,1.0,1.0,1.0,2.0,1.0,1.0,2.0,1.0,1.0,1.0,1.0,20.0,10.0
605,5.0,5.0,5.0,6.0,5.0,6.0,6.0,3.0,2.0,2.0,3.0,2.0,1.0,1.0,1.0,1.0,2.0,1.0,1.0,1.0,1.0,1.0,1.0,1.0,4.0,3.0,3.0,3.0,1.0,1.0,1.0,1.0,55.0,40.0,4.0,4.0,3.0,3.0,3.0,4.0,4.0,4.0,3.0,4.0,4.0,3.0,1.0,1.0,1.0,2.0,2.0,1.0,1.0,1.0,1.0,1.0,1.0,1.0,4.0,3.0,3.0,3.0,1.0,1.0,1.0,1.0,45.0,30.0
607,5.0,4.0,3.0,5.0,2.0,3.0,4.0,6.0,5.0,6.0,5.0,2.0,1.0,1.0,1.0,2.0,3.0,1.0,2.0,1.0,1.0,2.0,1.0,1.0,3.0,2.0,1.0,1.0,1.0,1.0,1.0,1.0,20.0,10.0,4.0,3.0,2.0,3.0,2.0,3.0,4.0,6.0,6.0,7.0,5.0,3.0,1.0,1.0,1.0,3.0,3.0,1.0,2.0,2.0,1.0,2.0,1.0,1.0,3.0,2.0,1.0,1.0,1.0,1.0,1.0,1.0,15.0,5.0
608,4.0,3.0,2.0,2.0,1.0,1.0,2.0,6.0,6.0,7.0,5.0,2.0,2.0,1.0,1.0,3.0,1.0,1.0,2.0,1.0,1.0,2.0,3.0,1.0,3.0,2.0,1.0,1.0,1.0,1.0,1.0,1.0,10.0,5.0,3.0,2.0,1.0,1.0,1.0,2.0,2.0,7.0,7.0,7.0,6.0,4.0,3.0,1.0,2.0,4.0,3.0,1.0,3.0,1.0,1.0,3.0,4.0,1.0,4.0,3.0,2.0,2.0,1.0,1.0,1.0,1.0,15.0,10.0
609,4.0,3.0,2.0,4.0,2.0,3.0,3.0,6.0,5.0,6.0,5.0,2.0,2.0,1.0,1.0,2.0,2.0,1.0,2.0,1.0,1.0,1.0,1.0,1.0,3.0,2.0,1.0,1.0,1.0,1.0,1.0,1.0,20.0,10.0,3.0,2.0,2.0,3.0,2.0,2.0,3.0,6.0,6.0,7.0,6.0,3.0,2.0,1.0,1.0,2.0,2.0,1.0,2.0,1.0,1.0,2.0,1.0,1.0,3.0,2.0,1.0,1.0,1.0,1.0,1.0,1.0,15.0,5.0
613,5.0,5.0,4.0,6.0,5.0,6.0,5.0,2.0,2.0,2.0,2.0,2.0,1.0,1.0,1.0,2.0,1.0,1.0,1.0,1.0,1.0,1.0,1.0,1.0,3.0,3.0,2.0,3.0,1.0,1.0,1.0,1.0,60.0,40.0,4.0,4.0,3.0,5.0,4.0,5.0,4.0,3.0,3.0,4.0,3.0,3.0,2.0,1.0,1.0,2.0,2.0,1.0,1.0,1.0,1.0,2.0,2.0,1.0,4.0,3.0,2.0,3.0,1.0,1.0,1.0,1.0,50.0,35.0
614,5.0,4.0,3.0,5.0,3.0,4.0,4.0,6.0,5.0,5.0,5.0,2.0,3.0,1.0,1.0,2.0,1.0,1.0,2.0,1.0,1.0,1.0,2.0,1.0,2.0,1.0,1.0,1.0,1.0,1.0,1.0,1.0,20.0,10.0,4.0,3.0,3.0,4.0,3.0,4.0,4.0,6.0,5.0,5.0,4.0,2.0,3.0,1.0,1.0,2.0,1.0,1.0,2.0,1.0,1.0,1.0,2.0,1.0,3.0,1.0,1.0,1.0,1.0,1.0,1.0,1.0,25.0,15.0
626,3.0,2.0,2.0,1.0,2.0,2.0,1.0,6.0,5.0,7.0,6.0,4.0,3.0,1.0,2.0,5.0,4.0,1.0,3.0,4.0,1.0,5.0,4.0,3.0,2.0,1.0,1.0,1.0,1.0,1.0,1.0,1.0,5.0,2.0,3.0,2.0,2.0,1.0,2.0,2.0,1.0,6.0,5.0,7.0,6.0,5.0,4.0,1.0,3.0,5.0,4.0,1.0,3.0,4.0,1.0,5.0,4.0,3.0,2.0,1.0,1.0,1.0,1.0,1.0,1.0,,3.0,1.0
629,3.0,2.0,3.0,2.0,2.0,4.0,4.0,6.0,6.0,7.0,6.0,1.0,1.0,1.0,1.0,2.0,1.0,1.0,2.0,1.0,1.0,1.0,1.0,1.0,2.0,1.0,1.0,1.0,1.0,1.0,1.0,1.0,10.0,5.0,4.0,3.0,4.0,3.0,3.0,4.0,4.0,5.0,5.0,5.0,5.0,2.0,2.0,1.0,1.0,3.0,1.0,1.0,3.0,1.0,1.0,1.0,1.0,1.0,3.0,2.0,2.0,1.0,1.0,1.0,1.0,1.0,25.0,15.0
630,5.0,4.0,3.0,5.0,4.0,5.0,5.0,4.0,4.0,5.0,4.0,1.0,1.0,1.0,1.0,2.0,1.0,1.0,2.0,1.0,1.0,1.0,1.0,1.0,3.0,2.0,1.0,1.0,1.0,1.0,1.0,1.0,30.0,20.0,4.0,3.0,3.0,4.0,3.0,4.0,4.0,5.0,5.0,5.0,5.0,1.0,1.0,1.0,1.0,2.0,1.0,1.0,2.0,1.0,1.0,1.0,1.0,1.0,3.0,2.0,1.0,1.0,1.0,1.0,1.0,1.0,25.0,15.0
635,4.0,3.0,2.0,2.0,1.0,2.0,1.0,6.0,5.0,7.0,6.0,2.0,1.0,1.0,1.0,1.0,2.0,1.0,1.0,2.0,1.0,2.0,2.0,1.0,2.0,1.0,1.0,1.0,1.0,1.0,1.0,1.0,5.0,2.0,3.0,2.0,1.0,2.0,1.0,2.0,1.0,6.0,5.0,7.0,6.0,2.0,1.0,1.0,1.0,1.0,2.0,1.0,1.0,2.0,1.0,2.0,2.0,1.0,2.0,1.0,1.0,1.0,1.0,1.0,1.0,1.0,3.0,1.0
640,4.0,3.0,2.0,3.0,2.0,3.0,4.0,6.0,5.0,6.0,5.0,2.0,1.0,1.0,1.0,3.0,2.0,1.0,1.0,1.0,1.0,3.0,1.0,2.0,2.0,1.0,1.0,2.0,1.0,1.0,1.0,1.0,10.0,5.0,3.0,2.0,2.0,2.0,2.0,3.0,3.0,6.0,5.0,6.0,5.0,2.0,1.0,1.0,1.0,3.0,2.0,1.0,1.0,1.0,1.0,3.0,1.0,2.0,2.0,1.0,1.0,2.0,1.0,1.0,1.0,1.0,5.0,2.0
645,4.0,3.0,2.0,2.0,3.0,4.0,4.0,6.0,6.0,5.0,5.0,3.0,3.0,1.0,1.0,4.0,3.0,1.0,3.0,2.0,1.0,4.0,3.0,2.0,2.0,1.0,1.0,1.0,1.0,1.0,1.0,1.0,20.0,10.0,3.0,3.0,2.0,2.0,3.0,3.0,4.0,6.0,5.0,5.0,5.0,4.0,3.0,1.0,1.0,4.0,3.0,1.0,3.0,2.0,1.0,4.0,3.0,2.0,3.0,2.0,2.0,1.0,1.0,1.0,1.0,1.0,25.0,15.0
646,5.0,4.0,3.0,5.0,2.0,4.0,3.0,6.0,5.0,5.0,4.0,3.0,1.0,1.0,2.0,3.0,1.0,1.0,2.0,3.0,1.0,3.0,3.0,2.0,3.0,2.0,1.0,1.0,1.0,1.0,1.0,1.0,20.0,10.0,4.0,3.0,2.0,4.0,2.0,3.0,3.0,6.0,5.0,5.0,3.0,3.0,1.0,1.0,2.0,3.0,1.0,1.0,2.0,3.0,1.0,3.0,3.0,2.0,3.0,2.0,1.0,1.0,1.0,1.0,1.0,1.0,30.0,20.0
648,4.0,5.0,3.0,2.0,2.0,3.0,2.0,6.0,6.0,7.0,6.0,1.0,2.0,1.0,1.0,2.0,3.0,1.0,1.0,1.0,1.0,2.0,2.0,1.0,3.0,2.0,1.0,1.0,1.0,1.0,1.0,1.0,10.0,5.0,3.0,4.0,2.0,1.0,1.0,2.0,2.0,7.0,7.0,7.0,7.0,3.0,3.0,2.0,1.0,3.0,3.0,1.0,2.0,2.0,1.0,3.0,3.0,3.0,2.0,2.0,1.0,1.0,1.0,1.0,1.0,1.0,5.0,2.0
650,5.0,4.0,3.0,5.0,3.0,4.0,3.0,6.0,5.0,4.0,5.0,2.0,2.0,1.0,1.0,2.0,1.0,1.0,2.0,2.0,1.0,2.0,3.0,2.0,3.0,2.0,3.0,4.0,1.0,1.0,1.0,1.0,30.0,20.0,4.0,3.0,2.0,3.0,2.0,2.0,2.0,6.0,5.0,5.0,5.0,3.0,3.0,1.0,1.0,3.0,2.0,1.0,3.0,3.0,1.0,3.0,4.0,3.0,2.0,2.0,1.0,3.0,1.0,1.0,1.0,1.0,10.0,5.0
651,5.0,4.0,4.0,6.0,5.0,5.0,4.0,5.0,4.0,3.0,4.0,2.0,1.0,1.0,1.0,2.0,1.0,1.0,1.0,1.0,1.0,2.0,2.0,1.0,3.0,3.0,2.0,2.0,1.0,1.0,1.0,1.0,30.0,20.0,3.0,2.0,2.0,2.0,2.0,2.0,2.0,6.0,6.0,6.0,6.0,3.0,3.0,2.0,2.0,4.0,3.0,1.0,3.0,3.0,1.0,3.0,3.0,2.0,4.0,3.0,3.0,2.0,2.0,1.0,1.0,1.0,10.0,5.0
652,5.0,4.0,3.0,6.0,4.0,5.0,4.0,6.0,5.0,4.0,5.0,3.0,2.0,1.0,1.0,4.0,2.0,1.0,3.0,3.0,1.0,3.0,4.0,4.0,2.0,3.0,2.0,3.0,1.0,1.0,1.0,1.0,20.0,10.0,4.0,3.0,2.0,5.0,3.0,4.0,3.0,6.0,5.0,4.0,5.0,4.0,3.0,1.0,2.0,4.0,3.0,1.0,3.0,4.0,1.0,3.0,4.0,4.0,3.0,3.0,2.0,2.0,1.0,2.0,1.0,1.0,15.0,5.0
653,4.0,3.0,4.0,2.0,2.0,3.0,2.0,6.0,5.0,7.0,6.0,4.0,4.0,2.0,3.0,4.0,5.0,1.0,4.0,3.0,1.0,4.0,4.0,2.0,3.0,2.0,1.0,2.0,1.0,1.0,1.0,1.0,15.0,5.0,4.0,3.0,3.0,3.0,2.0,3.0,3.0,6.0,5.0,7.0,6.0,5.0,5.0,2.0,4.0,5.0,5.0,1.0,4.0,4.0,1.0,5.0,5.0,3.0,3.0,2.0,2.0,2.0,1.0,2.0,1.0,1.0,10.0,0.0
659,4.0,3.0,4.0,5.0,3.0,4.0,3.0,6.0,5.0,6.0,5.0,1.0,1.0,1.0,1.0,2.0,1.0,1.0,2.0,1.0,1.0,1.0,1.0,1.0,2.0,1.0,1.0,2.0,1.0,1.0,1.0,1.0,20.0,10.0,4.0,3.0,4.0,5.0,3.0,4.0,3.0,6.0,5.0,6.0,5.0,1.0,1.0,1.0,1.0,2.0,1.0,1.0,2.0,1.0,1.0,1.0,1.0,1.0,2.0,1.0,1.0,2.0,1.0,1.0,1.0,1.0,20.0,10.0
660,5.0,4.0,5.0,6.0,4.0,5.0,4.0,5.0,4.0,3.0,4.0,1.0,1.0,1.0,1.0,1.0,1.0,1.0,1.0,1.0,1.0,1.0,1.0,1.0,2.0,1.0,1.0,1.0,1.0,1.0,1.0,1.0,30.0,20.0,6.0,5.0,4.0,6.0,3.0,5.0,4.0,4.0,4.0,3.0,3.0,2.0,1.0,1.0,1.0,1.0,1.0,1.0,1.0,1.0,1.0,1.0,1.0,1.0,3.0,2.0,2.0,1.0,1.0,1.0,1.0,1.0,40.0,30.0
668,4.0,3.0,2.0,2.0,3.0,2.0,3.0,6.0,5.0,6.0,5.0,2.0,3.0,1.0,1.0,4.0,2.0,1.0,3.0,3.0,1.0,3.0,4.0,2.0,3.0,2.0,1.0,1.0,1.0,1.0,1.0,1.0,10.0,5.0,3.0,2.0,1.0,1.0,2.0,2.0,3.0,7.0,6.0,7.0,6.0,3.0,4.0,2.0,1.0,5.0,3.0,1.0,4.0,4.0,1.0,4.0,5.0,3.0,2.0,1.0,1.0,1.0,1.0,1.0,1.0,1.0,5.0,0.0
678,4.0,3.0,2.0,5.0,3.0,4.0,3.0,5.0,4.0,4.0,5.0,1.0,2.0,1.0,1.0,1.0,1.0,1.0,1.0,1.0,1.0,1.0,1.0,1.0,3.0,2.0,1.0,3.0,1.0,1.0,1.0,1.0,20.0,10.0,4.0,3.0,2.0,5.0,2.0,3.0,3.0,6.0,5.0,5.0,5.0,1.0,2.0,1.0,1.0,1.0,1.0,1.0,1.0,1.0,1.0,1.0,1.0,1.0,3.0,2.0,1.0,3.0,1.0,1.0,1.0,1.0,25.0,15.0
680,4.0,3.0,2.0,2.0,3.0,4.0,4.0,6.0,6.0,5.0,5.0,2.0,3.0,1.0,1.0,2.0,1.0,1.0,2.0,2.0,1.0,3.0,2.0,1.0,2.0,1.0,2.0,1.0,1.0,1.0,1.0,1.0,15.0,5.0,3.0,2.0,2.0,2.0,2.0,3.0,3.0,6.0,6.0,5.0,5.0,2.0,3.0,1.0,1.0,3.0,1.0,1.0,2.0,2.0,1.0,3.0,2.0,1.0,2.0,1.0,2.0,1.0,1.0,1.0,1.0,1.0,10.0,0.0
681,4.0,3.0,2.0,2.0,3.0,3.0,4.0,6.0,6.0,7.0,6.0,2.0,3.0,1.0,1.0,2.0,1.0,1.0,2.0,1.0,1.0,1.0,1.0,1.0,3.0,2.0,1.0,1.0,1.0,1.0,1.0,1.0,15.0,5.0,3.0,2.0,2.0,2.0,3.0,3.0,3.0,6.0,6.0,7.0,6.0,2.0,3.0,1.0,1.0,2.0,1.0,1.0,2.0,1.0,1.0,1.0,1.0,1.0,2.0,1.0,1.0,1.0,1.0,1.0,1.0,1.0,10.0,0.0
684,5.0,4.0,3.0,4.0,2.0,3.0,3.0,6.0,5.0,6.0,5.0,3.0,1.0,1.0,1.0,2.0,1.0,1.0,1.0,2.0,1.0,2.0,2.0,3.0,3.0,1.0,1.0,1.0,1.0,1.0,1.0,1.0,10.0,5.0,4.0,3.0,3.0,3.0,2.0,2.0,2.0,6.0,5.0,6.0,5.0,3.0,1.0,1.0,1.0,2.0,1.0,1.0,1.0,2.0,1.0,2.0,2.0,3.0,3.0,1.0,1.0,1.0,1.0,1.0,1.0,,5.0,2.0
689,4.0,3.0,2.0,2.0,3.0,2.0,3.0,6.0,5.0,6.0,5.0,3.0,2.0,1.0,1.0,3.0,2.0,1.0,2.0,3.0,1.0,3.0,3.0,2.0,2.0,1.0,2.0,3.0,1.0,1.0,1.0,1.0,20.0,10.0,4.0,3.0,2.0,2.0,3.0,2.0,3.0,6.0,5.0,6.0,5.0,4.0,3.0,1.0,1.0,4.0,2.0,1.0,2.0,3.0,1.0,4.0,3.0,2.0,3.0,1.0,2.0,3.0,1.0,1.0,1.0,1.0,15.0,5.0
692,5.0,4.0,5.0,6.0,4.0,5.0,5.0,6.0,5.0,4.0,5.0,2.0,1.0,1.0,1.0,2.0,1.0,1.0,2.0,2.0,1.0,1.0,1.0,1.0,3.0,2.0,1.0,2.0,1.0,1.0,1.0,1.0,35.0,20.0,4.0,3.0,3.0,4.0,3.0,3.0,4.0,5.0,4.0,5.0,4.0,3.0,3.0,1.0,2.0,3.0,2.0,1.0,3.0,3.0,1.0,2.0,2.0,2.0,3.0,2.0,1.0,2.0,1.0,1.0,1.0,1.0,25.0,10.0
696,3.0,2.0,1.0,2.0,1.0,2.0,3.0,6.0,5.0,7.0,6.0,3.0,3.0,1.0,2.0,4.0,3.0,1.0,2.0,2.0,1.0,3.0,4.0,1.0,2.0,1.0,1.0,1.0,1.0,1.0,1.0,1.0,5.0,2.0,3.0,3.0,1.0,2.0,1.0,2.0,3.0,7.0,5.0,7.0,6.0,4.0,4.0,1.0,2.0,5.0,4.0,1.0,3.0,2.0,1.0,4.0,5.0,1.0,2.0,1.0,2.0,1.0,2.0,1.0,1.0,1.0,2.0,1.0
697,5.0,4.0,3.0,2.0,2.0,3.0,3.0,6.0,5.0,6.0,5.0,3.0,2.0,1.0,1.0,3.0,2.0,1.0,3.0,2.0,1.0,3.0,3.0,1.0,3.0,3.0,2.0,1.0,1.0,1.0,1.0,1.0,20.0,10.0,4.0,3.0,2.0,1.0,1.0,2.0,2.0,7.0,6.0,7.0,6.0,4.0,3.0,1.0,1.0,4.0,3.0,1.0,4.0,3.0,1.0,4.0,4.0,1.0,2.0,2.0,1.0,1.0,1.0,1.0,1.0,1.0,5.0,2.0
702,4.0,3.0,2.0,3.0,2.0,3.0,3.0,6.0,5.0,5.0,6.0,1.0,1.0,1.0,1.0,2.0,1.0,1.0,1.0,1.0,1.0,1.0,1.0,1.0,2.0,1.0,1.0,1.0,1.0,1.0,1.0,1.0,10.0,5.0,4.0,3.0,2.0,3.0,2.0,3.0,3.0,6.0,5.0,5.0,6.0,1.0,1.0,1.0,1.0,2.0,1.0,1.0,1.0,1.0,1.0,1.0,1.0,1.0,2.0,1.0,1.0,1.0,1.0,1.0,1.0,1.0,5.0,2.0
703,5.0,4.0,3.0,2.0,2.0,3.0,2.0,6.0,5.0,6.0,5.0,3.0,3.0,1.0,2.0,4.0,3.0,1.0,4.0,3.0,1.0,3.0,4.0,2.0,2.0,1.0,2.0,1.0,1.0,1.0,1.0,1.0,15.0,5.0,3.0,3.0,2.0,2.0,2.0,3.0,2.0,7.0,6.0,7.0,6.0,4.0,4.0,2.0,3.0,5.0,4.0,1.0,5.0,4.0,1.0,4.0,5.0,2.0,3.0,2.0,2.0,1.0,1.0,1.0,1.0,1.0,5.0,0.0
706,5.0,4.0,4.0,5.0,3.0,4.0,4.0,6.0,5.0,5.0,5.0,2.0,1.0,1.0,1.0,2.0,1.0,1.0,2.0,1.0,1.0,1.0,1.0,2.0,3.0,2.0,1.0,1.0,1.0,1.0,1.0,1.0,30.0,20.0,4.0,3.0,3.0,4.0,3.0,3.0,3.0,6.0,6.0,6.0,6.0,2.0,1.0,1.0,1.0,2.0,1.0,1.0,2.0,1.0,1.0,1.0,1.0,2.0,3.0,2.0,1.0,1.0,1.0,1.0,1.0,1.0,20.0,10.0
708,4.0,3.0,2.0,2.0,3.0,3.0,4.0,6.0,5.0,5.0,5.0,2.0,1.0,1.0,1.0,2.0,1.0,1.0,2.0,1.0,1.0,2.0,2.0,2.0,2.0,1.0,1.0,1.0,1.0,1.0,1.0,1.0,20.0,10.0,3.0,2.0,2.0,2.0,3.0,3.0,4.0,6.0,5.0,5.0,5.0,2.0,1.0,1.0,1.0,2.0,1.0,1.0,2.0,1.0,1.0,2.0,2.0,2.0,3.0,1.0,1.0,1.0,1.0,1.0,1.0,1.0,15.0,5.0
710,5.0,4.0,4.0,6.0,4.0,5.0,5.0,4.0,3.0,2.0,3.0,1.0,1.0,1.0,1.0,2.0,1.0,1.0,1.0,1.0,1.0,1.0,1.0,1.0,2.0,2.0,1.0,2.0,1.0,1.0,1.0,1.0,30.0,20.0,3.0,2.0,2.0,4.0,2.0,2.0,3.0,5.0,5.0,6.0,5.0,2.0,1.0,1.0,1.0,2.0,1.0,1.0,1.0,1.0,1.0,1.0,1.0,1.0,3.0,3.0,1.0,2.0,1.0,2.0,1.0,1.0,20.0,10.0
723,4.0,3.0,2.0,3.0,2.0,3.0,2.0,6.0,6.0,7.0,6.0,3.0,1.0,1.0,1.0,2.0,1.0,1.0,2.0,2.0,1.0,2.0,1.0,3.0,2.0,1.0,2.0,1.0,1.0,1.0,1.0,1.0,10.0,5.0,5.0,4.0,3.0,4.0,3.0,4.0,3.0,5.0,5.0,5.0,5.0,4.0,1.0,1.0,1.0,3.0,1.0,1.0,3.0,3.0,1.0,3.0,2.0,4.0,3.0,2.0,3.0,1.0,1.0,1.0,1.0,1.0,25.0,15.0
726,5.0,4.0,4.0,5.0,3.0,4.0,5.0,6.0,5.0,5.0,4.0,2.0,2.0,1.0,1.0,1.0,1.0,1.0,1.0,1.0,1.0,1.0,1.0,1.0,3.0,3.0,2.0,2.0,1.0,1.0,1.0,1.0,30.0,20.0,4.0,3.0,3.0,4.0,3.0,3.0,4.0,6.0,5.0,6.0,5.0,3.0,3.0,1.0,1.0,2.0,1.0,1.0,1.0,1.0,1.0,1.0,1.0,1.0,4.0,3.0,3.0,2.0,1.0,1.0,1.0,1.0,25.0,20.0
732,5.0,4.0,3.0,2.0,2.0,3.0,2.0,6.0,5.0,6.0,5.0,1.0,1.0,1.0,1.0,2.0,1.0,1.0,1.0,1.0,1.0,1.0,1.0,1.0,1.0,1.0,1.0,1.0,1.0,1.0,1.0,1.0,5.0,2.0,2.0,3.0,2.0,1.0,2.0,3.0,2.0,6.0,5.0,6.0,5.0,1.0,1.0,1.0,1.0,2.0,1.0,1.0,1.0,1.0,1.0,1.0,1.0,1.0,1.0,1.0,1.0,1.0,1.0,1.0,1.0,1.0,5.0,2.0
736,4.0,3.0,2.0,3.0,2.0,2.0,3.0,6.0,5.0,7.0,6.0,1.0,2.0,1.0,1.0,2.0,3.0,1.0,1.0,2.0,1.0,3.0,3.0,2.0,2.0,1.0,1.0,1.0,1.0,1.0,1.0,1.0,5.0,1.0,3.0,2.0,2.0,2.0,2.0,2.0,3.0,6.0,5.0,7.0,6.0,2.0,2.0,1.0,1.0,3.0,2.0,1.0,1.0,2.0,1.0,3.0,3.0,2.0,2.0,1.0,1.0,1.0,1.0,1.0,1.0,1.0,8.0,2.0
741,4.0,3.0,3.0,5.0,4.0,4.0,4.0,6.0,5.0,5.0,4.0,1.0,1.0,1.0,1.0,2.0,1.0,1.0,1.0,1.0,1.0,1.0,1.0,1.0,3.0,2.0,2.0,3.0,1.0,1.0,1.0,1.0,30.0,20.0,3.0,2.0,2.0,4.0,3.0,3.0,3.0,6.0,6.0,6.0,5.0,1.0,1.0,1.0,1.0,2.0,1.0,1.0,1.0,1.0,1.0,1.0,1.0,1.0,2.0,2.0,1.0,2.0,1.0,1.0,1.0,1.0,10.0,5.0
743,4.0,3.0,2.0,4.0,2.0,3.0,4.0,6.0,5.0,5.0,5.0,3.0,2.0,1.0,1.0,2.0,2.0,1.0,2.0,1.0,1.0,3.0,2.0,2.0,2.0,1.0,1.0,1.0,1.0,1.0,1.0,1.0,20.0,10.0,4.0,3.0,2.0,4.0,2.0,3.0,4.0,6.0,5.0,5.0,5.0,3.0,2.0,1.0,1.0,2.0,2.0,1.0,2.0,1.0,1.0,3.0,2.0,2.0,2.0,1.0,1.0,1.0,1.0,1.0,1.0,1.0,25.0,15.0
746,5.0,4.0,3.0,5.0,2.0,4.0,3.0,6.0,5.0,5.0,6.0,2.0,1.0,1.0,1.0,2.0,1.0,1.0,2.0,1.0,1.0,1.0,1.0,1.0,3.0,2.0,1.0,1.0,1.0,1.0,1.0,1.0,20.0,10.0,5.0,4.0,3.0,5.0,2.0,3.0,3.0,6.0,5.0,5.0,6.0,2.0,1.0,1.0,1.0,2.0,1.0,1.0,2.0,1.0,1.0,1.0,1.0,1.0,3.0,3.0,1.0,1.0,1.0,1.0,1.0,1.0,15.0,5.0
761,5.0,4.0,3.0,5.0,3.0,4.0,4.0,6.0,5.0,4.0,5.0,2.0,1.0,1.0,1.0,2.0,2.0,1.0,2.0,1.0,1.0,2.0,2.0,1.0,3.0,2.0,2.0,2.0,1.0,1.0,1.0,1.0,30.0,20.0,4.0,3.0,2.0,4.0,2.0,3.0,3.0,6.0,5.0,5.0,5.0,2.0,1.0,1.0,1.0,2.0,2.0,1.0,2.0,1.0,1.0,2.0,2.0,1.0,3.0,2.0,2.0,2.0,1.0,1.0,1.0,1.0,25.0,15.0
766,5.0,4.0,5.0,6.0,3.0,5.0,4.0,2.0,2.0,2.0,3.0,2.0,1.0,1.0,1.0,2.0,1.0,1.0,1.0,1.0,1.0,1.0,1.0,1.0,3.0,2.0,1.0,2.0,1.0,1.0,1.0,1.0,30.0,20.0,4.0,3.0,3.0,4.0,2.0,3.0,3.0,4.0,4.0,5.0,4.0,3.0,2.0,1.0,1.0,2.0,1.0,1.0,2.0,1.0,1.0,2.0,2.0,1.0,4.0,3.0,2.0,2.0,1.0,1.0,1.0,1.0,20.0,30.0
768,3.0,2.0,1.0,2.0,1.0,2.0,2.0,6.0,5.0,7.0,6.0,3.0,4.0,1.0,2.0,4.0,2.0,1.0,3.0,3.0,1.0,4.0,3.0,2.0,1.0,1.0,2.0,1.0,1.0,1.0,1.0,1.0,5.0,2.0,2.0,1.0,1.0,2.0,1.0,2.0,2.0,7.0,6.0,7.0,7.0,5.0,5.0,2.0,3.0,4.0,2.0,1.0,4.0,3.0,1.0,5.0,4.0,2.0,1.0,1.0,1.0,1.0,1.0,1.0,1.0,1.0,2.0,1.0
771,4.0,3.0,2.0,2.0,3.0,4.0,3.0,6.0,6.0,7.0,5.0,3.0,4.0,1.0,2.0,5.0,4.0,1.0,4.0,3.0,1.0,4.0,3.0,4.0,3.0,2.0,2.0,1.0,1.0,1.0,1.0,1.0,10.0,5.0,2.0,2.0,1.0,1.0,2.0,2.0,2.0,7.0,7.0,7.0,6.0,5.0,5.0,3.0,3.0,5.0,5.0,1.0,5.0,4.0,1.0,5.0,5.0,5.0,1.0,1.0,1.0,1.0,1.0,1.0,1.0,1.0,2.0,1.0
772,3.0,4.0,3.0,2.0,2.0,3.0,3.0,6.0,6.0,6.0,5.0,2.0,1.0,1.0,1.0,2.0,1.0,1.0,1.0,1.0,1.0,3.0,2.0,1.0,3.0,1.0,1.0,1.0,1.0,1.0,1.0,1.0,15.0,5.0,3.0,4.0,3.0,2.0,2.0,3.0,3.0,6.0,6.0,6.0,5.0,2.0,1.0,1.0,1.0,2.0,1.0,1.0,1.0,1.0,1.0,3.0,2.0,1.0,3.0,1.0,1.0,1.0,1.0,1.0,1.0,1.0,10.0,0.0
773,3.0,2.0,1.0,2.0,1.0,3.0,3.0,6.0,7.0,7.0,6.0,3.0,2.0,1.0,1.0,3.0,4.0,1.0,4.0,2.0,1.0,3.0,3.0,2.0,2.0,1.0,1.0,1.0,1.0,1.0,1.0,1.0,5.0,2.0,3.0,2.0,1.0,2.0,1.0,3.0,3.0,6.0,7.0,7.0,6.0,3.0,2.0,1.0,1.0,3.0,4.0,1.0,4.0,2.0,1.0,3.0,3.0,2.0,2.0,1.0,1.0,1.0,1.0,1.0,1.0,1.0,5.0,2.0
774,4.0,2.0,1.0,2.0,1.0,2.0,3.0,6.0,5.0,7.0,6.0,4.0,5.0,1.0,2.0,5.0,3.0,1.0,4.0,5.0,5.0,5.0,5.0,4.0,2.0,1.0,1.0,1.0,1.0,1.0,1.0,1.0,5.0,2.0,3.0,2.0,1.0,2.0,1.0,2.0,3.0,6.0,5.0,7.0,6.0,4.0,5.0,1.0,2.0,5.0,3.0,1.0,4.0,5.0,5.0,5.0,5.0,4.0,2.0,1.0,1.0,1.0,1.0,1.0,1.0,1.0,3.0,1.0
775,5.0,4.0,5.0,6.0,4.0,5.0,5.0,4.0,4.0,3.0,4.0,2.0,1.0,1.0,1.0,1.0,1.0,1.0,1.0,1.0,1.0,1.0,1.0,1.0,2.0,1.0,1.0,1.0,1.0,1.0,1.0,1.0,20.0,10.0,4.0,3.0,4.0,4.0,3.0,4.0,4.0,5.0,5.0,4.0,5.0,2.0,2.0,1.0,1.0,1.0,1.0,1.0,1.0,1.0,1.0,1.0,1.0,1.0,2.0,1.0,1.0,1.0,1.0,1.0,1.0,1.0,15.0,5.0
790,5.0,4.0,3.0,4.0,3.0,4.0,4.0,5.0,5.0,3.0,4.0,2.0,1.0,1.0,1.0,2.0,1.0,1.0,1.0,1.0,1.0,1.0,2.0,2.0,3.0,2.0,1.0,1.0,1.0,1.0,1.0,1.0,20.0,10.0,4.0,3.0,3.0,3.0,3.0,3.0,4.0,6.0,5.0,4.0,5.0,2.0,2.0,1.0,1.0,2.0,1.0,1.0,1.0,1.0,1.0,1.0,2.0,2.0,3.0,2.0,1.0,1.0,1.0,1.0,1.0,1.0,15.0,5.0
791,5.0,4.0,4.0,6.0,2.0,4.0,3.0,6.0,5.0,6.0,5.0,1.0,1.0,1.0,1.0,2.0,1.0,1.0,1.0,1.0,1.0,1.0,1.0,1.0,2.0,1.0,1.0,1.0,1.0,1.0,1.0,1.0,10.0,5.0,4.0,3.0,3.0,5.0,2.0,3.0,3.0,6.0,6.0,7.0,6.0,2.0,2.0,1.0,1.0,3.0,1.0,1.0,2.0,1.0,1.0,1.0,1.0,1.0,3.0,2.0,1.0,1.0,1.0,1.0,1.0,1.0,5.0,2.0
795,5.0,5.0,4.0,6.0,3.0,4.0,4.0,6.0,5.0,5.0,5.0,1.0,1.0,1.0,1.0,2.0,2.0,1.0,1.0,1.0,1.0,2.0,2.0,1.0,2.0,1.0,1.0,1.0,1.0,1.0,1.0,1.0,20.0,10.0,4.0,4.0,3.0,5.0,3.0,4.0,4.0,6.0,6.0,6.0,6.0,1.0,1.0,1.0,1.0,2.0,2.0,1.0,1.0,1.0,1.0,2.0,2.0,1.0,2.0,1.0,1.0,1.0,1.0,1.0,1.0,1.0,10.0,5.0
801,3.0,2.0,1.0,2.0,2.0,1.0,2.0,6.0,6.0,7.0,7.0,2.0,2.0,1.0,2.0,4.0,3.0,1.0,3.0,3.0,2.0,4.0,4.0,3.0,2.0,1.0,1.0,1.0,1.0,1.0,1.0,1.0,5.0,1.0,3.0,2.0,1.0,2.0,1.0,1.0,1.0,7.0,6.0,7.0,7.0,3.0,3.0,1.0,3.0,4.0,4.0,1.0,3.0,4.0,2.0,4.0,4.0,3.0,2.0,1.0,1.0,1.0,1.0,1.0,1.0,1.0,2.0,1.0
802,4.0,3.0,2.0,2.0,1.0,2.0,3.0,6.0,5.0,7.0,6.0,1.0,3.0,1.0,1.0,2.0,1.0,1.0,2.0,3.0,2.0,3.0,3.0,2.0,2.0,1.0,1.0,1.0,1.0,1.0,1.0,1.0,5.0,2.0,3.0,2.0,1.0,2.0,1.0,2.0,3.0,6.0,6.0,7.0,7.0,2.0,3.0,1.0,1.0,2.0,1.0,1.0,2.0,3.0,2.0,3.0,3.0,2.0,2.0,1.0,1.0,1.0,1.0,1.0,1.0,1.0,2.0,1.0
804,5.0,4.0,3.0,5.0,4.0,4.0,4.0,5.0,5.0,4.0,4.0,1.0,1.0,1.0,1.0,2.0,1.0,1.0,1.0,2.0,1.0,1.0,1.0,1.0,2.0,1.0,1.0,1.0,1.0,1.0,1.0,1.0,20.0,10.0,4.0,3.0,2.0,4.0,3.0,3.0,3.0,6.0,6.0,5.0,5.0,1.0,1.0,1.0,1.0,2.0,1.0,1.0,1.0,2.0,1.0,1.0,1.0,1.0,2.0,1.0,1.0,1.0,1.0,1.0,1.0,1.0,15.0,5.0
806,5.0,4.0,5.0,6.0,3.0,5.0,4.0,5.0,4.0,2.0,3.0,2.0,1.0,1.0,1.0,2.0,1.0,1.0,2.0,1.0,1.0,1.0,1.0,1.0,3.0,2.0,1.0,1.0,1.0,1.0,1.0,1.0,20.0,10.0,2.0,2.0,1.0,1.0,2.0,1.0,1.0,6.0,6.0,7.0,6.0,4.0,4.0,3.0,3.0,4.0,3.0,2.0,3.0,3.0,2.0,4.0,4.0,3.0,3.0,3.0,3.0,2.0,2.0,2.0,1.0,1.0,10.0,5.0
807,5.0,4.0,3.0,6.0,3.0,5.0,4.0,5.0,4.0,4.0,5.0,2.0,1.0,1.0,1.0,2.0,1.0,1.0,2.0,1.0,1.0,1.0,1.0,1.0,3.0,2.0,1.0,3.0,1.0,1.0,1.0,1.0,30.0,20.0,4.0,3.0,3.0,5.0,3.0,4.0,4.0,4.0,3.0,3.0,4.0,3.0,1.0,1.0,1.0,3.0,1.0,1.0,2.0,1.0,1.0,1.0,1.0,1.0,4.0,3.0,2.0,3.0,1.0,1.0,1.0,1.0,40.0,35.0
809,5.0,5.0,5.0,6.0,4.0,5.0,5.0,2.0,2.0,2.0,3.0,1.0,1.0,1.0,1.0,2.0,1.0,1.0,2.0,1.0,1.0,1.0,1.0,1.0,3.0,3.0,2.0,3.0,1.0,1.0,1.0,1.0,40.0,30.0,4.0,4.0,4.0,5.0,3.0,4.0,4.0,3.0,4.0,4.0,4.0,2.0,2.0,1.0,1.0,3.0,2.0,1.0,3.0,2.0,1.0,2.0,2.0,2.0,4.0,4.0,3.0,3.0,2.0,2.0,1.0,1.0,35.0,35.0
811,4.0,3.0,2.0,2.0,3.0,4.0,3.0,6.0,5.0,6.0,5.0,2.0,3.0,1.0,1.0,2.0,1.0,1.0,1.0,2.0,1.0,2.0,2.0,3.0,3.0,1.0,2.0,2.0,1.0,1.0,1.0,1.0,20.0,10.0,4.0,3.0,2.0,2.0,3.0,4.0,3.0,6.0,5.0,6.0,5.0,3.0,3.0,1.0,1.0,2.0,1.0,1.0,1.0,2.0,1.0,2.0,2.0,3.0,3.0,2.0,2.0,2.0,1.0,1.0,1.0,1.0,30.0,20.0
812,4.0,3.0,2.0,3.0,2.0,3.0,3.0,6.0,5.0,6.0,5.0,2.0,3.0,1.0,1.0,2.0,1.0,1.0,1.0,3.0,1.0,2.0,2.0,1.0,2.0,1.0,1.0,2.0,1.0,1.0,1.0,1.0,10.0,5.0,4.0,3.0,2.0,3.0,2.0,3.0,3.0,6.0,5.0,6.0,5.0,3.0,3.0,1.0,1.0,2.0,1.0,1.0,1.0,3.0,1.0,2.0,2.0,1.0,2.0,1.0,1.0,2.0,1.0,1.0,1.0,1.0,15.0,10.0
814,3.0,2.0,1.0,2.0,2.0,1.0,2.0,6.0,6.0,7.0,6.0,1.0,2.0,1.0,1.0,1.0,1.0,1.0,1.0,1.0,1.0,2.0,2.0,1.0,1.0,1.0,1.0,1.0,1.0,1.0,1.0,1.0,5.0,2.0,2.0,2.0,1.0,2.0,2.0,1.0,2.0,6.0,6.0,7.0,7.0,1.0,2.0,1.0,1.0,1.0,1.0,1.0,1.0,1.0,1.0,2.0,2.0,1.0,1.0,1.0,1.0,1.0,1.0,1.0,1.0,1.0,2.0,1.0
815,3.0,4.0,2.0,4.0,3.0,4.0,2.0,6.0,5.0,6.0,5.0,2.0,3.0,1.0,1.0,2.0,3.0,1.0,2.0,3.0,1.0,4.0,3.0,2.0,2.0,1.0,1.0,2.0,1.0,1.0,1.0,1.0,20.0,10.0,4.0,3.0,2.0,4.0,3.0,4.0,3.0,5.0,4.0,5.0,4.0,2.0,3.0,1.0,1.0,3.0,3.0,1.0,2.0,3.0,1.0,4.0,3.0,2.0,3.0,2.0,2.0,2.0,2.0,1.0,1.0,1.0,30.0,20.0
820,3.0,2.0,1.0,2.0,1.0,2.0,2.0,6.0,7.0,7.0,7.0,4.0,3.0,1.0,3.0,5.0,4.0,1.0,5.0,2.0,2.0,4.0,4.0,2.0,2.0,1.0,1.0,1.0,1.0,1.0,1.0,1.0,5.0,1.0,2.0,1.0,1.0,1.0,1.0,2.0,2.0,7.0,7.0,7.0,7.0,5.0,4.0,1.0,4.0,5.0,4.0,1.0,5.0,2.0,2.0,5.0,5.0,2.0,1.0,1.0,1.0,1.0,1.0,1.0,1.0,1.0,1.0,0.0
830,5.0,4.0,4.0,5.0,3.0,5.0,5.0,5.0,4.0,4.0,3.0,2.0,1.0,1.0,1.0,2.0,1.0,1.0,1.0,1.0,1.0,1.0,1.0,1.0,3.0,1.0,1.0,2.0,1.0,1.0,1.0,1.0,30.0,15.0,4.0,3.0,3.0,4.0,2.0,3.0,4.0,6.0,5.0,5.0,4.0,3.0,2.0,1.0,1.0,2.0,2.0,1.0,2.0,1.0,1.0,2.0,2.0,1.0,2.0,1.0,1.0,1.0,1.0,1.0,1.0,1.0,20.0,10.0
832,4.0,3.0,2.0,2.0,2.0,3.0,1.0,6.0,7.0,7.0,6.0,1.0,2.0,1.0,1.0,4.0,2.0,1.0,3.0,3.0,2.0,3.0,3.0,2.0,2.0,1.0,1.0,1.0,1.0,1.0,1.0,1.0,10.0,5.0,2.0,1.0,1.0,1.0,1.0,2.0,1.0,7.0,7.0,7.0,7.0,4.0,4.0,2.0,2.0,5.0,4.0,2.0,5.0,4.0,3.0,4.0,5.0,3.0,1.0,1.0,1.0,1.0,1.0,1.0,1.0,1.0,2.0,1.0
834,4.0,3.0,3.0,4.0,2.0,3.0,4.0,5.0,5.0,6.0,5.0,3.0,2.0,1.0,1.0,3.0,1.0,1.0,2.0,1.0,1.0,2.0,2.0,1.0,2.0,1.0,1.0,1.0,1.0,1.0,1.0,1.0,20.0,10.0,3.0,2.0,2.0,3.0,2.0,3.0,3.0,5.0,5.0,6.0,4.0,3.0,2.0,1.0,1.0,4.0,1.0,1.0,2.0,1.0,1.0,2.0,2.0,1.0,2.0,1.0,1.0,1.0,1.0,1.0,1.0,1.0,25.0,15.0
836,5.0,4.0,5.0,6.0,4.0,5.0,6.0,3.0,2.0,2.0,3.0,1.0,1.0,1.0,1.0,1.0,1.0,1.0,1.0,1.0,1.0,1.0,1.0,1.0,2.0,1.0,1.0,1.0,1.0,1.0,1.0,1.0,20.0,10.0,3.0,3.0,3.0,3.0,2.0,3.0,4.0,5.0,5.0,5.0,5.0,2.0,1.0,1.0,1.0,1.0,1.0,1.0,1.0,1.0,1.0,1.0,1.0,1.0,1.0,1.0,1.0,1.0,1.0,1.0,1.0,1.0,10.0,5.0
837,5.0,4.0,5.0,6.0,5.0,6.0,5.0,2.0,2.0,1.0,3.0,1.0,1.0,1.0,1.0,1.0,1.0,1.0,1.0,1.0,1.0,1.0,1.0,1.0,3.0,2.0,1.0,2.0,1.0,1.0,1.0,1.0,50.0,25.0,4.0,3.0,4.0,5.0,3.0,4.0,4.0,4.0,3.0,4.0,4.0,2.0,2.0,1.0,1.0,1.0,1.0,1.0,1.0,1.0,1.0,1.0,1.0,1.0,3.0,3.0,2.0,2.0,1.0,1.0,1.0,1.0,40.0,15.0
838,5.0,5.0,4.0,6.0,2.0,4.0,4.0,6.0,5.0,5.0,4.0,1.0,1.0,1.0,1.0,1.0,1.0,1.0,1.0,1.0,1.0,1.0,1.0,1.0,2.0,1.0,1.0,1.0,1.0,1.0,1.0,1.0,20.0,10.0,3.0,2.0,2.0,3.0,2.0,3.0,3.0,6.0,5.0,6.0,5.0,1.0,1.0,1.0,1.0,1.0,1.0,1.0,1.0,1.0,1.0,1.0,1.0,1.0,1.0,1.0,1.0,1.0,1.0,1.0,1.0,1.0,15.0,5.0
843,5.0,5.0,6.0,6.0,5.0,6.0,4.0,4.0,2.0,2.0,3.0,1.0,1.0,1.0,1.0,1.0,1.0,1.0,1.0,1.0,1.0,1.0,1.0,1.0,3.0,2.0,1.0,3.0,1.0,1.0,1.0,1.0,30.0,20.0,3.0,3.0,3.0,3.0,4.0,5.0,4.0,4.0,5.0,6.0,6.0,2.0,2.0,1.0,1.0,1.0,1.0,1.0,1.0,1.0,1.0,1.0,1.0,1.0,3.0,2.0,1.0,3.0,1.0,1.0,1.0,1.0,10.0,5.0
845,4.0,3.0,2.0,2.0,1.0,2.0,3.0,6.0,5.0,6.0,5.0,2.0,1.0,1.0,1.0,2.0,3.0,1.0,1.0,2.0,1.0,2.0,2.0,1.0,2.0,1.0,1.0,1.0,1.0,1.0,1.0,1.0,10.0,5.0,3.0,3.0,2.0,2.0,1.0,2.0,3.0,6.0,5.0,6.0,5.0,3.0,1.0,1.0,1.0,2.0,3.0,1.0,1.0,2.0,1.0,2.0,2.0,1.0,2.0,1.0,1.0,1.0,1.0,1.0,1.0,1.0,5.0,2.0
847,4.0,3.0,3.0,2.0,2.0,3.0,3.0,6.0,5.0,5.0,5.0,2.0,1.0,1.0,1.0,2.0,1.0,1.0,1.0,1.0,1.0,2.0,2.0,1.0,2.0,1.0,1.0,1.0,1.0,1.0,1.0,1.0,20.0,10.0,3.0,2.0,2.0,2.0,2.0,3.0,3.0,6.0,5.0,5.0,5.0,2.0,1.0,1.0,1.0,2.0,1.0,1.0,1.0,1.0,1.0,2.0,2.0,1.0,2.0,1.0,1.0,1.0,1.0,1.0,1.0,1.0,15.0,5.0
853,5.0,5.0,4.0,6.0,4.0,5.0,5.0,5.0,4.0,3.0,4.0,1.0,1.0,1.0,1.0,2.0,2.0,1.0,1.0,2.0,1.0,1.0,1.0,2.0,3.0,2.0,1.0,1.0,1.0,1.0,1.0,1.0,30.0,20.0,4.0,4.0,3.0,5.0,3.0,4.0,4.0,6.0,5.0,5.0,5.0,2.0,2.0,1.0,1.0,3.0,2.0,1.0,2.0,2.0,1.0,1.0,2.0,2.0,3.0,2.0,1.0,1.0,1.0,1.0,1.0,1.0,20.0,10.0
864,5.0,5.0,4.0,6.0,3.0,4.0,4.0,6.0,5.0,5.0,4.0,1.0,1.0,1.0,1.0,2.0,1.0,1.0,1.0,1.0,1.0,1.0,1.0,1.0,2.0,1.0,1.0,1.0,1.0,1.0,1.0,1.0,20.0,10.0,5.0,4.0,3.0,5.0,3.0,3.0,3.0,6.0,5.0,6.0,5.0,1.0,1.0,1.0,1.0,2.0,1.0,1.0,1.0,1.0,1.0,1.0,1.0,1.0,2.0,1.0,1.0,1.0,1.0,1.0,1.0,1.0,15.0,5.0
865,4.0,3.0,4.0,2.0,1.0,2.0,3.0,6.0,6.0,5.0,5.0,1.0,2.0,1.0,1.0,2.0,1.0,1.0,1.0,1.0,1.0,2.0,2.0,1.0,1.0,1.0,1.0,1.0,1.0,1.0,1.0,1.0,5.0,2.0,3.0,2.0,2.0,1.0,1.0,1.0,2.0,7.0,6.0,7.0,6.0,3.0,3.0,1.0,1.0,3.0,1.0,1.0,2.0,2.0,1.0,3.0,3.0,1.0,2.0,1.0,1.0,1.0,1.0,1.0,1.0,1.0,2.0,1.0
868,4.0,3.0,2.0,1.0,2.0,1.0,2.0,6.0,7.0,7.0,6.0,1.0,2.0,1.0,1.0,4.0,3.0,1.0,4.0,2.0,1.0,3.0,5.0,2.0,2.0,1.0,1.0,1.0,1.0,1.0,1.0,1.0,5.0,2.0,3.0,2.0,1.0,1.0,1.0,1.0,1.0,7.0,7.0,7.0,7.0,1.0,2.0,1.0,1.0,5.0,3.0,1.0,5.0,2.0,1.0,3.0,5.0,2.0,1.0,1.0,1.0,1.0,1.0,1.0,1.0,1.0,2.0,1.0
871,5.0,4.0,4.0,5.0,3.0,4.0,3.0,6.0,5.0,5.0,4.0,2.0,2.0,1.0,1.0,2.0,1.0,1.0,2.0,1.0,1.0,1.0,1.0,1.0,2.0,1.0,1.0,1.0,1.0,1.0,1.0,1.0,20.0,10.0,4.0,3.0,3.0,4.0,2.0,3.0,2.0,7.0,6.0,7.0,5.0,3.0,3.0,1.0,1.0,3.0,1.0,1.0,2.0,1.0,1.0,2.0,1.0,1.0,1.0,1.0,1.0,1.0,1.0,1.0,1.0,1.0,5.0,2.0
873,4.0,3.0,2.0,3.0,2.0,4.0,3.0,6.0,5.0,6.0,5.0,1.0,1.0,1.0,1.0,2.0,1.0,1.0,2.0,1.0,1.0,1.0,1.0,1.0,2.0,1.0,1.0,1.0,1.0,1.0,1.0,1.0,10.0,5.0,4.0,3.0,2.0,3.0,2.0,4.0,3.0,6.0,5.0,6.0,5.0,1.0,1.0,1.0,1.0,2.0,1.0,1.0,2.0,1.0,1.0,1.0,1.0,1.0,2.0,1.0,1.0,1.0,1.0,1.0,1.0,1.0,10.0,5.0
874,4.0,3.0,2.0,1.0,1.0,2.0,3.0,6.0,7.0,6.0,5.0,1.0,2.0,1.0,1.0,1.0,1.0,1.0,1.0,2.0,1.0,2.0,2.0,1.0,2.0,1.0,1.0,1.0,1.0,1.0,1.0,1.0,10.0,5.0,3.0,3.0,2.0,1.0,1.0,2.0,2.0,6.0,6.0,7.0,7.0,1.0,2.0,1.0,1.0,1.0,1.0,1.0,1.0,2.0,1.0,2.0,2.0,1.0,2.0,1.0,1.0,1.0,1.0,1.0,1.0,1.0,5.0,2.0
878,5.0,4.0,3.0,3.0,2.0,2.0,3.0,6.0,5.0,6.0,5.0,4.0,2.0,1.0,1.0,3.0,2.0,1.0,2.0,3.0,1.0,3.0,3.0,2.0,2.0,1.0,1.0,1.0,1.0,1.0,1.0,1.0,10.0,5.0,4.0,3.0,2.0,2.0,2.0,2.0,3.0,6.0,5.0,6.0,5.0,5.0,3.0,1.0,1.0,3.0,2.0,1.0,2.0,4.0,1.0,4.0,3.0,2.0,1.0,1.0,1.0,1.0,1.0,1.0,1.0,1.0,5.0,1.0
882,4.0,3.0,2.0,2.0,2.0,2.0,3.0,6.0,6.0,7.0,6.0,4.0,3.0,1.0,2.0,4.0,3.0,1.0,2.0,3.0,1.0,4.0,3.0,2.0,2.0,1.0,1.0,1.0,1.0,1.0,1.0,1.0,5.0,10.0,3.0,3.0,2.0,2.0,2.0,2.0,3.0,7.0,6.0,7.0,7.0,5.0,4.0,1.0,3.0,5.0,4.0,1.0,3.0,3.0,1.0,5.0,3.0,2.0,2.0,1.0,1.0,1.0,1.0,1.0,1.0,1.0,2.0,5.0
883,4.0,3.0,2.0,1.0,2.0,3.0,3.0,6.0,6.0,7.0,7.0,4.0,3.0,1.0,1.0,4.0,3.0,1.0,3.0,4.0,1.0,4.0,3.0,2.0,2.0,1.0,1.0,1.0,1.0,1.0,1.0,1.0,10.0,5.0,5.0,3.0,2.0,1.0,3.0,3.0,3.0,6.0,6.0,7.0,6.0,5.0,4.0,1.0,1.0,5.0,4.0,1.0,3.0,5.0,1.0,5.0,4.0,2.0,3.0,1.0,2.0,1.0,2.0,1.0,1.0,1.0,15.0,8.0
886,4.0,3.0,2.0,2.0,1.0,2.0,3.0,6.0,7.0,7.0,6.0,4.0,4.0,1.0,2.0,5.0,3.0,1.0,5.0,3.0,1.0,4.0,5.0,2.0,2.0,1.0,1.0,1.0,1.0,1.0,1.0,1.0,5.0,2.0,5.0,4.0,3.0,2.0,2.0,3.0,3.0,5.0,6.0,6.0,5.0,4.0,4.0,1.0,3.0,5.0,3.0,1.0,5.0,3.0,1.0,4.0,5.0,2.0,3.0,2.0,2.0,1.0,2.0,1.0,1.0,1.0,10.0,5.0
888,4.0,3.0,2.0,4.0,3.0,4.0,2.0,6.0,5.0,6.0,5.0,2.0,3.0,1.0,1.0,3.0,1.0,1.0,2.0,1.0,1.0,2.0,2.0,1.0,2.0,1.0,1.0,1.0,1.0,1.0,1.0,1.0,10.0,5.0,3.0,3.0,2.0,3.0,2.0,3.0,2.0,6.0,5.0,6.0,5.0,2.0,3.0,1.0,1.0,3.0,1.0,1.0,2.0,1.0,1.0,2.0,2.0,1.0,3.0,1.0,1.0,1.0,1.0,1.0,1.0,1.0,15.0,10.0
892,5.0,4.0,3.0,2.0,2.0,3.0,3.0,6.0,6.0,7.0,6.0,2.0,1.0,1.0,1.0,1.0,1.0,1.0,1.0,1.0,1.0,2.0,2.0,1.0,1.0,1.0,1.0,1.0,1.0,1.0,1.0,1.0,5.0,1.0,4.0,3.0,2.0,2.0,1.0,2.0,2.0,7.0,6.0,7.0,7.0,2.0,1.0,1.0,1.0,1.0,1.0,1.0,1.0,1.0,1.0,2.0,2.0,1.0,1.0,1.0,1.0,1.0,1.0,1.0,1.0,1.0,2.0,0.0
901,4.0,3.0,2.0,2.0,3.0,4.0,4.0,6.0,5.0,7.0,6.0,4.0,3.0,1.0,2.0,5.0,4.0,1.0,3.0,4.0,1.0,4.0,5.0,4.0,2.0,1.0,1.0,1.0,1.0,1.0,1.0,1.0,10.0,5.0,3.0,2.0,2.0,2.0,2.0,3.0,3.0,6.0,5.0,7.0,6.0,5.0,4.0,1.0,3.0,5.0,4.0,1.0,3.0,5.0,1.0,5.0,5.0,4.0,2.0,1.0,1.0,1.0,1.0,1.0,1.0,1.0,5.0,2.0
906,3.0,2.0,1.0,1.0,2.0,2.0,1.0,6.0,5.0,7.0,6.0,3.0,2.0,1.0,2.0,4.0,3.0,1.0,3.0,2.0,1.0,4.0,4.0,1.0,1.0,1.0,1.0,1.0,1.0,1.0,1.0,1.0,5.0,2.0,2.0,2.0,1.0,1.0,2.0,2.0,1.0,6.0,5.0,7.0,6.0,3.0,2.0,1.0,2.0,4.0,3.0,1.0,3.0,2.0,1.0,4.0,4.0,1.0,1.0,1.0,1.0,1.0,1.0,1.0,1.0,1.0,3.0,1.0
908,5.0,4.0,2.0,3.0,2.0,3.0,1.0,6.0,5.0,7.0,5.0,4.0,3.0,1.0,2.0,5.0,3.0,1.0,4.0,2.0,1.0,4.0,3.0,5.0,3.0,2.0,1.0,1.0,1.0,1.0,1.0,1.0,15.0,5.0,4.0,3.0,2.0,3.0,2.0,3.0,1.0,6.0,5.0,7.0,6.0,5.0,4.0,1.0,3.0,5.0,4.0,1.0,4.0,3.0,1.0,5.0,4.0,5.0,3.0,2.0,2.0,1.0,1.0,1.0,1.0,1.0,10.0,3.0
912,5.0,5.0,4.0,6.0,4.0,4.0,5.0,6.0,5.0,4.0,5.0,2.0,1.0,1.0,1.0,2.0,1.0,1.0,1.0,2.0,1.0,1.0,1.0,2.0,3.0,3.0,2.0,2.0,1.0,1.0,1.0,1.0,35.0,20.0,4.0,5.0,3.0,5.0,3.0,3.0,4.0,7.0,6.0,5.0,6.0,3.0,3.0,2.0,1.0,3.0,2.0,1.0,2.0,2.0,1.0,2.0,2.0,3.0,4.0,3.0,3.0,2.0,1.0,1.0,1.0,1.0,20.0,10.0
917,5.0,4.0,3.0,3.0,2.0,4.0,4.0,6.0,5.0,5.0,6.0,3.0,3.0,1.0,2.0,4.0,2.0,1.0,3.0,1.0,1.0,3.0,3.0,1.0,4.0,3.0,2.0,3.0,1.0,2.0,1.0,1.0,35.0,20.0,4.0,3.0,3.0,3.0,2.0,3.0,4.0,6.0,5.0,5.0,6.0,4.0,4.0,1.0,2.0,4.0,2.0,1.0,3.0,1.0,1.0,3.0,3.0,1.0,4.0,3.0,2.0,3.0,1.0,2.0,1.0,1.0,25.0,15.0
921,3.0,2.0,1.0,2.0,1.0,2.0,1.0,6.0,6.0,7.0,7.0,4.0,3.0,1.0,2.0,5.0,3.0,1.0,4.0,3.0,2.0,5.0,4.0,2.0,2.0,1.0,1.0,1.0,1.0,1.0,1.0,1.0,5.0,2.0,2.0,1.0,1.0,2.0,1.0,1.0,1.0,7.0,6.0,7.0,7.0,5.0,4.0,1.0,3.0,5.0,4.0,1.0,4.0,3.0,2.0,5.0,5.0,2.0,1.0,1.0,1.0,1.0,1.0,1.0,1.0,1.0,2.0,1.0
922,4.0,4.0,3.0,3.0,2.0,2.0,3.0,6.0,5.0,6.0,5.0,3.0,2.0,1.0,1.0,3.0,2.0,1.0,2.0,2.0,1.0,3.0,2.0,2.0,2.0,1.0,1.0,1.0,1.0,1.0,1.0,1.0,10.0,5.0,3.0,3.0,2.0,2.0,1.0,2.0,3.0,7.0,6.0,7.0,6.0,4.0,3.0,1.0,1.0,4.0,3.0,1.0,2.0,3.0,1.0,4.0,3.0,2.0,2.0,1.0,1.0,1.0,1.0,1.0,1.0,1.0,5.0,2.0
928,3.0,2.0,2.0,2.0,3.0,2.0,2.0,6.0,6.0,7.0,6.0,3.0,3.0,1.0,1.0,4.0,4.0,1.0,3.0,3.0,1.0,4.0,3.0,2.0,2.0,1.0,1.0,1.0,1.0,1.0,1.0,1.0,5.0,2.0,2.0,2.0,1.0,1.0,1.0,1.0,1.0,7.0,7.0,7.0,7.0,4.0,4.0,1.0,2.0,5.0,5.0,1.0,4.0,4.0,1.0,5.0,4.0,3.0,1.0,1.0,1.0,1.0,1.0,1.0,1.0,1.0,1.0,1.0
929,5.0,5.0,4.0,4.0,3.0,4.0,5.0,6.0,5.0,6.0,5.0,4.0,3.0,1.0,1.0,3.0,4.0,1.0,3.0,2.0,1.0,4.0,3.0,4.0,3.0,2.0,2.0,1.0,1.0,1.0,1.0,1.0,20.0,15.0,4.0,3.0,3.0,3.0,2.0,3.0,4.0,7.0,6.0,7.0,6.0,5.0,4.0,1.0,1.0,4.0,5.0,1.0,4.0,3.0,1.0,5.0,4.0,5.0,2.0,1.0,1.0,1.0,1.0,1.0,1.0,1.0,5.0,2.0
943,5.0,4.0,4.0,5.0,2.0,3.0,3.0,6.0,5.0,6.0,5.0,2.0,2.0,1.0,1.0,2.0,1.0,1.0,2.0,1.0,1.0,1.0,1.0,2.0,3.0,1.0,2.0,2.0,1.0,1.0,1.0,1.0,20.0,10.0,4.0,3.0,3.0,4.0,2.0,2.0,2.0,7.0,6.0,7.0,6.0,2.0,1.0,1.0,1.0,2.0,1.0,1.0,2.0,1.0,1.0,1.0,1.0,2.0,3.0,1.0,2.0,1.0,1.0,1.0,1.0,1.0,10.0,5.0
946,5.0,4.0,5.0,3.0,4.0,6.0,5.0,6.0,5.0,4.0,4.0,1.0,1.0,1.0,1.0,2.0,1.0,1.0,1.0,1.0,1.0,1.0,1.0,1.0,2.0,1.0,1.0,3.0,1.0,1.0,1.0,1.0,30.0,20.0,4.0,3.0,3.0,2.0,3.0,5.0,4.0,5.0,4.0,3.0,3.0,2.0,2.0,1.0,1.0,3.0,1.0,1.0,2.0,1.0,1.0,2.0,2.0,2.0,3.0,2.0,2.0,3.0,1.0,2.0,1.0,1.0,40.0,30.0
948,4.0,3.0,2.0,2.0,3.0,2.0,3.0,6.0,5.0,6.0,5.0,3.0,4.0,1.0,2.0,4.0,3.0,1.0,2.0,3.0,1.0,3.0,3.0,2.0,3.0,2.0,2.0,3.0,1.0,1.0,1.0,1.0,20.0,10.0,3.0,2.0,1.0,1.0,2.0,1.0,2.0,7.0,6.0,7.0,6.0,4.0,5.0,2.0,3.0,5.0,4.0,1.0,4.0,4.0,1.0,4.0,4.0,2.0,2.0,1.0,1.0,1.0,1.0,1.0,1.0,1.0,5.0,2.0
950,4.0,3.0,2.0,3.0,2.0,3.0,4.0,6.0,5.0,5.0,5.0,4.0,2.0,1.0,2.0,2.0,1.0,1.0,2.0,3.0,1.0,4.0,3.0,2.0,3.0,2.0,2.0,3.0,1.0,1.0,1.0,1.0,20.0,10.0,3.0,2.0,1.0,2.0,1.0,2.0,3.0,7.0,6.0,7.0,6.0,5.0,4.0,3.0,4.0,4.0,4.0,1.0,3.0,4.0,1.0,5.0,5.0,3.0,,,,,,,,,5.0,2.0
951,2.0,1.0,1.0,1.0,2.0,2.0,2.0,6.0,6.0,7.0,7.0,1.0,1.0,1.0,1.0,1.0,1.0,1.0,1.0,1.0,1.0,1.0,1.0,1.0,2.0,1.0,1.0,1.0,1.0,1.0,1.0,1.0,5.0,2.0,3.0,2.0,1.0,2.0,2.0,2.0,3.0,6.0,5.0,6.0,6.0,1.0,1.0,1.0,1.0,1.0,1.0,1.0,1.0,1.0,1.0,1.0,1.0,1.0,2.0,1.0,1.0,1.0,1.0,1.0,1.0,1.0,8.0,3.0
954,4.0,3.0,2.0,2.0,1.0,1.0,1.0,7.0,6.0,7.0,6.0,4.0,3.0,2.0,1.0,5.0,4.0,1.0,3.0,1.0,1.0,5.0,4.0,1.0,2.0,1.0,1.0,1.0,1.0,1.0,1.0,1.0,5.0,2.0,4.0,3.0,2.0,2.0,1.0,1.0,1.0,7.0,6.0,7.0,6.0,4.0,3.0,2.0,1.0,5.0,4.0,1.0,3.0,1.0,1.0,5.0,4.0,1.0,2.0,1.0,1.0,1.0,1.0,1.0,1.0,1.0,3.0,1.0
956,5.0,4.0,3.0,3.0,2.0,4.0,3.0,6.0,5.0,6.0,5.0,4.0,3.0,1.0,2.0,3.0,2.0,1.0,3.0,2.0,1.0,3.0,3.0,2.0,3.0,2.0,1.0,1.0,1.0,1.0,1.0,1.0,20.0,10.0,3.0,2.0,2.0,2.0,2.0,3.0,2.0,7.0,7.0,7.0,7.0,5.0,4.0,1.0,3.0,5.0,3.0,1.0,4.0,3.0,1.0,4.0,4.0,2.0,1.0,1.0,1.0,1.0,1.0,1.0,1.0,1.0,5.0,0.0
957,3.0,2.0,2.0,1.0,2.0,2.0,3.0,6.0,6.0,7.0,7.0,2.0,1.0,1.0,1.0,2.0,1.0,1.0,1.0,2.0,1.0,1.0,2.0,1.0,3.0,1.0,1.0,2.0,1.0,1.0,1.0,1.0,5.0,2.0,3.0,2.0,1.0,1.0,2.0,1.0,2.0,7.0,6.0,7.0,7.0,3.0,1.0,1.0,1.0,3.0,1.0,1.0,1.0,2.0,1.0,1.0,3.0,1.0,3.0,1.0,1.0,1.0,1.0,1.0,1.0,1.0,2.0,1.0
961,4.0,3.0,2.0,3.0,2.0,3.0,3.0,6.0,5.0,6.0,5.0,1.0,2.0,1.0,1.0,1.0,2.0,1.0,1.0,1.0,1.0,1.0,1.0,1.0,2.0,1.0,1.0,1.0,1.0,1.0,1.0,1.0,10.0,5.0,3.0,3.0,2.0,3.0,2.0,3.0,3.0,5.0,5.0,5.0,4.0,2.0,2.0,1.0,1.0,1.0,2.0,1.0,1.0,1.0,1.0,1.0,1.0,1.0,2.0,1.0,1.0,1.0,1.0,1.0,1.0,1.0,15.0,8.0
964,5.0,4.0,3.0,4.0,3.0,4.0,5.0,6.0,5.0,6.0,5.0,1.0,1.0,1.0,1.0,2.0,1.0,1.0,2.0,1.0,1.0,1.0,1.0,1.0,3.0,1.0,1.0,1.0,1.0,1.0,1.0,1.0,20.0,10.0,4.0,3.0,3.0,3.0,2.0,3.0,4.0,6.0,5.0,6.0,5.0,2.0,1.0,1.0,1.0,2.0,1.0,1.0,2.0,1.0,1.0,1.0,1.0,1.0,3.0,1.0,1.0,1.0,1.0,1.0,1.0,1.0,15.0,5.0
966,3.0,2.0,1.0,2.0,1.0,2.0,1.0,6.0,5.0,7.0,6.0,2.0,1.0,1.0,1.0,2.0,3.0,1.0,1.0,2.0,1.0,2.0,3.0,2.0,2.0,1.0,1.0,1.0,1.0,1.0,1.0,1.0,5.0,2.0,3.0,2.0,1.0,2.0,1.0,2.0,1.0,6.0,5.0,7.0,6.0,2.0,1.0,1.0,1.0,2.0,3.0,1.0,1.0,2.0,1.0,2.0,3.0,2.0,2.0,1.0,1.0,1.0,1.0,1.0,1.0,1.0,3.0,1.0
972,5.0,4.0,3.0,5.0,2.0,3.0,4.0,6.0,5.0,6.0,7.0,2.0,2.0,1.0,2.0,4.0,3.0,1.0,3.0,3.0,1.0,4.0,2.0,1.0,3.0,2.0,2.0,1.0,1.0,1.0,1.0,1.0,10.0,5.0,4.0,3.0,2.0,3.0,2.0,2.0,3.0,6.0,6.0,7.0,7.0,4.0,4.0,3.0,3.0,5.0,4.0,1.0,4.0,4.0,1.0,5.0,3.0,3.0,3.0,2.0,2.0,2.0,2.0,1.0,1.0,1.0,5.0,2.0
978,6.0,5.0,5.0,6.0,5.0,6.0,6.0,2.0,2.0,1.0,3.0,2.0,1.0,1.0,1.0,2.0,1.0,1.0,1.0,1.0,1.0,2.0,1.0,1.0,4.0,3.0,2.0,4.0,1.0,1.0,1.0,1.0,65.0,50.0,5.0,4.0,4.0,5.0,4.0,5.0,5.0,3.0,3.0,3.0,4.0,3.0,1.0,1.0,1.0,2.0,1.0,1.0,1.0,1.0,1.0,2.0,2.0,1.0,4.0,3.0,2.0,4.0,1.0,1.0,1.0,1.0,50.0,40.0
980,4.0,5.0,3.0,2.0,2.0,4.0,3.0,6.0,5.0,6.0,5.0,1.0,2.0,1.0,1.0,2.0,1.0,1.0,1.0,2.0,1.0,2.0,2.0,1.0,1.0,1.0,1.0,1.0,1.0,1.0,1.0,1.0,10.0,5.0,3.0,4.0,2.0,1.0,1.0,2.0,2.0,6.0,5.0,7.0,6.0,1.0,2.0,1.0,1.0,2.0,1.0,1.0,1.0,2.0,1.0,2.0,2.0,1.0,1.0,1.0,1.0,1.0,1.0,1.0,1.0,1.0,5.0,2.0
988,3.0,2.0,2.0,1.0,2.0,3.0,2.0,6.0,5.0,7.0,5.0,4.0,3.0,2.0,3.0,4.0,5.0,1.0,4.0,3.0,1.0,4.0,5.0,2.0,2.0,1.0,1.0,1.0,1.0,1.0,1.0,1.0,5.0,2.0,2.0,1.0,1.0,1.0,1.0,2.0,2.0,7.0,6.0,7.0,6.0,5.0,4.0,3.0,4.0,5.0,5.0,1.0,5.0,4.0,1.0,5.0,5.0,2.0,1.0,1.0,1.0,1.0,1.0,1.0,1.0,1.0,1.0,1.0
991,5.0,4.0,5.0,6.0,4.0,5.0,4.0,5.0,4.0,3.0,5.0,2.0,1.0,1.0,1.0,2.0,1.0,1.0,1.0,1.0,1.0,2.0,1.0,2.0,2.0,1.0,1.0,1.0,1.0,1.0,1.0,1.0,30.0,20.0,4.0,3.0,3.0,4.0,3.0,4.0,3.0,6.0,5.0,6.0,6.0,3.0,2.0,1.0,1.0,3.0,1.0,1.0,2.0,1.0,1.0,3.0,2.0,2.0,1.0,1.0,1.0,1.0,1.0,1.0,1.0,1.0,10.0,5.0
995,4.0,3.0,2.0,3.0,2.0,3.0,2.0,6.0,5.0,6.0,5.0,3.0,2.0,1.0,1.0,3.0,4.0,1.0,2.0,2.0,1.0,2.0,3.0,2.0,2.0,1.0,1.0,1.0,1.0,1.0,1.0,1.0,10.0,5.0,3.0,2.0,2.0,2.0,2.0,2.0,2.0,6.0,5.0,6.0,6.0,4.0,3.0,1.0,1.0,4.0,5.0,1.0,3.0,3.0,1.0,3.0,4.0,2.0,2.0,1.0,1.0,1.0,1.0,1.0,1.0,1.0,5.0,1.0
997,4.0,3.0,2.0,3.0,2.0,2.0,3.0,6.0,5.0,6.0,5.0,3.0,2.0,1.0,1.0,3.0,1.0,1.0,2.0,1.0,1.0,3.0,3.0,2.0,2.0,1.0,1.0,2.0,1.0,1.0,1.0,1.0,10.0,5.0,3.0,3.0,2.0,2.0,2.0,3.0,3.0,6.0,5.0,6.0,5.0,4.0,2.0,1.0,1.0,3.0,1.0,1.0,2.0,1.0,1.0,3.0,3.0,2.0,2.0,1.0,1.0,2.0,1.0,1.0,1.0,1.0,5.0,2.0
1000,4.0,3.0,3.0,2.0,2.0,3.0,3.0,6.0,5.0,6.0,5.0,3.0,2.0,1.0,1.0,3.0,2.0,1.0,3.0,2.0,1.0,3.0,3.0,1.0,2.0,1.0,1.0,1.0,1.0,1.0,1.0,1.0,10.0,5.0,3.0,2.0,2.0,1.0,1.0,2.0,2.0,6.0,5.0,6.0,5.0,3.0,2.0,1.0,1.0,3.0,2.0,1.0,3.0,2.0,1.0,3.0,3.0,1.0,2.0,1.0,1.0,1.0,1.0,1.0,1.0,1.0,8.0,3.0
