student_id,item_Belief_Q1,item_Belief_Q2,item_Belief_Q3,item_Perception_Q4,item_Perception_Q5,item_Perception_Q6,item_Perception_Q7,item_Perception_Q8,item_Perception_Q9,item_Perception_Q10,item_Perception_Q11,item_Perception_Q12
2,4.0,3.0,5.0,4.0,4.0,4.0,5.0,2.0,3.0,3.0,1.0,0.0
3,4.0,5.0,4.0,5.0,6.0,2.0,3.0,1.0,4.0,5.0,1.0,0.0
4,2.0,6.0,3.0,6.0,6.0,1.0,2.0,1.0,6.0,6.0,4.0,1.0
6,4.0,3.0,5.0,4.0,5.0,3.0,5.0,3.0,4.0,5.0,2.0,0.0
7,4.0,4.0,5.0,4.0,4.0,4.0,4.0,4.0,3.0,3.0,2.0,0.0
8,4.0,4.0,5.0,4.0,5.0,2.0,2.0,2.0,4.0,3.0,1.0,0.0
10,4.0,3.0,5.0,4.0,5.0,4.0,5.0,4.0,3.0,4.0,1.0,0.0
11,4.0,5.0,5.0,4.0,5.0,2.0,2.0,1.0,5.0,5.0,2.0,0.0
12,3.0,4.0,5.0,5.0,6.0,2.0,3.0,1.0,5.0,5.0,1.0,0.0
13,4.0,5.0,5.0,3.0,3.0,4.0,5.0,4.0,2.0,3.0,1.0,0.0
14,4.0,6.0,3.0,6.0,6.0,1.0,2.0,1.0,6.0,6.0,4.0,1.0
15,3.0,6.0,5.0,5.0,6.0,2.0,3.0,1.0,4.0,4.0,2.0,0.0
16,5.0,3.0,5.0,4.0,5.0,3.0,4.0,3.0,4.0,3.0,1.0,0.0
17,5.0,3.0,5.0,4.0,5.0,2.0,4.0,2.0,3.0,2.0,1.0,0.0
18,4.0,5.0,5.0,4.0,5.0,3.0,5.0,3.0,4.0,2.0,1.0,0.0
19,4.0,6.0,5.0,5.0,6.0,2.0,2.0,1.0,5.0,6.0,2.0,1.0
23,4.0,5.0,3.0,5.0,6.0,2.0,3.0,1.0,4.0,5.0,2.0,0.0
24,5.0,3.0,5.0,4.0,5.0,2.0,4.0,2.0,4.0,3.0,1.0,0.0
25,4.0,5.0,3.0,5.0,6.0,3.0,4.0,2.0,5.0,6.0,2.0,0.0
26,4.0,3.0,5.0,4.0,4.0,5.0,5.0,4.0,2.0,3.0,1.0,0.0
27,5.0,3.0,5.0,3.0,4.0,4.0,5.0,4.0,2.0,3.0,1.0,0.0
28,4.0,3.0,5.0,3.0,5.0,4.0,5.0,3.0,4.0,3.0,1.0,0.0
29,4.0,5.0,5.0,4.0,5.0,2.0,1.0,1.0,4.0,4.0,1.0,0.0
30,3.0,6.0,4.0,5.0,6.0,2.0,2.0,1.0,4.0,5.0,1.0,0.0
31,5.0,3.0,5.0,3.0,4.0,5.0,5.0,4.0,2.0,1.0,1.0,0.0
32,4.0,4.0,5.0,5.0,6.0,2.0,3.0,1.0,4.0,4.0,1.0,0.0
33,4.0,5.0,5.0,4.0,5.0,4.0,4.0,3.0,3.0,3.0,1.0,0.0
34,4.0,5.0,4.0,5.0,6.0,2.0,3.0,1.0,4.0,5.0,2.0,0.0
35,4.0,5.0,5.0,4.0,5.0,3.0,4.0,3.0,3.0,4.0,1.0,0.0
36,5.0,3.0,5.0,4.0,5.0,4.0,5.0,3.0,2.0,3.0,1.0,0.0
37,4.0,4.0,3.0,4.0,5.0,3.0,4.0,3.0,4.0,3.0,1.0,0.0
38,4.0,5.0,4.0,5.0,6.0,2.0,2.0,1.0,5.0,5.0,1.0,0.0
39,5.0,4.0,5.0,3.0,4.0,2.0,5.0,3.0,1.0,2.0,1.0,0.0
40,1.0,6.0,2.0,6.0,6.0,1.0,1.0,1.0,6.0,6.0,4.0,1.0
41,4.0,3.0,5.0,3.0,5.0,4.0,5.0,3.0,3.0,4.0,1.0,0.0
42,4.0,3.0,5.0,4.0,5.0,4.0,5.0,3.0,3.0,5.0,1.0,0.0
43,4.0,3.0,5.0,4.0,5.0,4.0,5.0,3.0,2.0,2.0,1.0,0.0
58,4.0,3.0,5.0,3.0,5.0,4.0,4.0,3.0,2.0,3.0,1.0,0.0
60,5.0,3.0,5.0,3.0,4.0,4.0,5.0,3.0,2.0,1.0,1.0,0.0
64,4.0,3.0,5.0,4.0,5.0,4.0,5.0,4.0,3.0,3.0,1.0,0.0
65,3.0,5.0,4.0,5.0,6.0,2.0,2.0,1.0,4.0,5.0,3.0,1.0
66,4.0,5.0,5.0,5.0,6.0,2.0,2.0,2.0,4.0,4.0,2.0,0.0
67,4.0,5.0,4.0,4.0,5.0,2.0,4.0,2.0,4.0,4.0,1.0,0.0
68,3.0,6.0,5.0,5.0,6.0,2.0,2.0,1.0,5.0,5.0,3.0,1.0
70,4.0,5.0,5.0,5.0,6.0,2.0,2.0,1.0,5.0,5.0,2.0,0.0
73,5.0,3.0,4.0,4.0,6.0,4.0,5.0,3.0,4.0,5.0,2.0,0.0
74,4.0,3.0,5.0,4.0,4.0,3.0,5.0,4.0,3.0,2.0,1.0,0.0
75,4.0,5.0,2.0,5.0,6.0,2.0,4.0,2.0,5.0,5.0,1.0,0.0
80,4.0,6.0,5.0,6.0,6.0,2.0,2.0,1.0,6.0,6.0,3.0,1.0
81,4.0,3.0,5.0,3.0,3.0,5.0,5.0,4.0,2.0,2.0,1.0,0.0
82,4.0,6.0,3.0,5.0,6.0,2.0,2.0,1.0,6.0,6.0,3.0,0.0
83,4.0,5.0,5.0,4.0,5.0,2.0,4.0,2.0,3.0,3.0,1.0,0.0
84,4.0,5.0,5.0,5.0,6.0,2.0,2.0,1.0,4.0,4.0,1.0,0.0
85,5.0,3.0,4.0,4.0,5.0,4.0,2.0,3.0,3.0,4.0,1.0,0.0
88,4.0,5.0,5.0,5.0,6.0,2.0,2.0,1.0,5.0,5.0,2.0,0.0
89,2.0,6.0,5.0,6.0,6.0,1.0,2.0,1.0,5.0,5.0,2.0,0.0
90,4.0,3.0,5.0,4.0,5.0,2.0,4.0,3.0,4.0,3.0,1.0,0.0
91,4.0,4.0,5.0,3.0,4.0,3.0,4.0,2.0,4.0,3.0,1.0,0.0
92,4.0,5.0,4.0,4.0,5.0,2.0,4.0,1.0,5.0,5.0,3.0,1.0
93,4.0,6.0,5.0,5.0,6.0,2.0,2.0,1.0,4.0,5.0,1.0,0.0
95,4.0,6.0,3.0,5.0,6.0,2.0,3.0,1.0,5.0,5.0,3.0,1.0
97,4.0,5.0,5.0,6.0,6.0,2.0,1.0,1.0,5.0,5.0,3.0,0.0
98,4.0,5.0,5.0,4.0,5.0,3.0,4.0,3.0,4.0,4.0,2.0,0.0
99,4.0,5.0,4.0,5.0,5.0,2.0,2.0,1.0,4.0,4.0,2.0,0.0
100,4.0,5.0,3.0,6.0,6.0,1.0,2.0,1.0,5.0,5.0,4.0,0.0
101,5.0,3.0,5.0,2.0,3.0,5.0,5.0,4.0,1.0,2.0,1.0,0.0
102,4.0,5.0,3.0,5.0,6.0,2.0,2.0,1.0,5.0,5.0,3.0,0.0
103,4.0,5.0,4.0,4.0,5.0,3.0,4.0,2.0,4.0,4.0,1.0,0.0
104,4.0,5.0,3.0,5.0,6.0,2.0,2.0,1.0,4.0,5.0,1.0,0.0
105,4.0,6.0,5.0,5.0,6.0,2.0,2.0,1.0,4.0,4.0,2.0,1.0
106,4.0,5.0,3.0,5.0,5.0,2.0,2.0,1.0,4.0,4.0,2.0,0.0
107,3.0,5.0,3.0,5.0,6.0,1.0,2.0,1.0,5.0,5.0,3.0,0.0
108,3.0,5.0,3.0,5.0,6.0,2.0,2.0,1.0,5.0,5.0,2.0,0.0
109,2.0,6.0,5.0,6.0,6.0,1.0,2.0,1.0,6.0,6.0,5.0,1.0
110,4.0,5.0,5.0,4.0,5.0,2.0,2.0,2.0,5.0,5.0,2.0,0.0
111,4.0,4.0,5.0,4.0,5.0,3.0,2.0,2.0,4.0,4.0,2.0,0.0
112,4.0,3.0,5.0,4.0,5.0,2.0,2.0,1.0,2.0,3.0,1.0,0.0
113,4.0,3.0,5.0,4.0,5.0,2.0,2.0,1.0,4.0,4.0,1.0,0.0
114,4.0,5.0,5.0,5.0,5.0,2.0,2.0,1.0,4.0,5.0,2.0,0.0
115,4.0,4.0,2.0,5.0,5.0,2.0,2.0,3.0,5.0,5.0,3.0,0.0
116,2.0,6.0,1.0,6.0,6.0,1.0,1.0,1.0,6.0,6.0,4.0,1.0
117,4.0,4.0,5.0,4.0,5.0,3.0,5.0,2.0,3.0,4.0,1.0,0.0
118,4.0,5.0,5.0,4.0,5.0,3.0,5.0,3.0,4.0,5.0,2.0,0.0
119,3.0,6.0,5.0,6.0,6.0,1.0,1.0,1.0,6.0,6.0,6.0,1.0
120,4.0,3.0,5.0,4.0,5.0,4.0,5.0,3.0,3.0,2.0,1.0,0.0
121,5.0,2.0,5.0,3.0,4.0,5.0,5.0,4.0,2.0,3.0,1.0,0.0
122,4.0,3.0,5.0,4.0,4.0,5.0,5.0,3.0,2.0,3.0,1.0,0.0
123,5.0,4.0,6.0,3.0,4.0,5.0,5.0,4.0,2.0,3.0,1.0,0.0
124,4.0,4.0,5.0,4.0,5.0,2.0,4.0,2.0,3.0,4.0,1.0,0.0
125,4.0,5.0,5.0,5.0,6.0,2.0,3.0,2.0,4.0,5.0,1.0,0.0
126,4.0,5.0,5.0,4.0,5.0,4.0,4.0,3.0,3.0,3.0,1.0,0.0
127,4.0,3.0,5.0,5.0,6.0,2.0,2.0,1.0,5.0,4.0,2.0,0.0
128,4.0,3.0,5.0,4.0,5.0,3.0,4.0,3.0,3.0,4.0,1.0,0.0
129,4.0,4.0,5.0,4.0,5.0,3.0,4.0,2.0,4.0,4.0,2.0,0.0
130,4.0,5.0,5.0,4.0,5.0,4.0,5.0,3.0,2.0,3.0,1.0,0.0
134,5.0,3.0,5.0,3.0,4.0,5.0,5.0,3.0,2.0,3.0,1.0,0.0
135,4.0,3.0,5.0,3.0,4.0,5.0,5.0,3.0,2.0,3.0,1.0,0.0
136,5.0,3.0,4.0,2.0,3.0,4.0,5.0,4.0,2.0,2.0,1.0,0.0
137,4.0,3.0,5.0,3.0,4.0,4.0,5.0,3.0,3.0,4.0,1.0,0.0
138,4.0,4.0,5.0,4.0,4.0,4.0,5.0,4.0,3.0,3.0,1.0,0.0
139,4.0,5.0,4.0,5.0,5.0,2.0,2.0,1.0,4.0,4.0,1.0,0.0
140,5.0,3.0,5.0,4.0,4.0,4.0,5.0,5.0,2.0,3.0,1.0,0.0
141,5.0,4.0,5.0,4.0,4.0,4.0,5.0,3.0,3.0,2.0,1.0,0.0
142,4.0,3.0,5.0,4.0,4.0,2.0,5.0,3.0,2.0,2.0,1.0,0.0
144,3.0,6.0,3.0,5.0,6.0,2.0,2.0,1.0,5.0,5.0,3.0,1.0
145,2.0,6.0,4.0,5.0,6.0,2.0,3.0,1.0,3.0,2.0,1.0,0.0
146,3.0,5.0,4.0,5.0,6.0,2.0,4.0,2.0,4.0,5.0,2.0,0.0
147,3.0,5.0,4.0,5.0,6.0,2.0,2.0,1.0,6.0,5.0,4.0,1.0
149,4.0,3.0,5.0,4.0,4.0,2.0,3.0,2.0,4.0,3.0,1.0,0.0
150,4.0,6.0,4.0,5.0,6.0,2.0,2.0,1.0,5.0,5.0,3.0,0.0
151,5.0,3.0,5.0,4.0,5.0,4.0,5.0,4.0,3.0,2.0,1.0,0.0
154,5.0,2.0,5.0,2.0,3.0,5.0,5.0,5.0,1.0,1.0,1.0,0.0
165,4.0,5.0,4.0,4.0,5.0,2.0,4.0,2.0,3.0,4.0,1.0,0.0
168,5.0,3.0,5.0,2.0,3.0,5.0,5.0,4.0,2.0,2.0,1.0,0.0
170,4.0,5.0,3.0,5.0,6.0,2.0,4.0,1.0,5.0,4.0,1.0,0.0
186,4.0,5.0,4.0,5.0,6.0,4.0,4.0,2.0,4.0,5.0,1.0,0.0
189,5.0,3.0,5.0,3.0,4.0,5.0,5.0,4.0,2.0,2.0,1.0,0.0
190,,,,,,,,,,,,
191,5.0,4.0,5.0,4.0,4.0,2.0,2.0,2.0,3.0,3.0,1.0,0.0
193,3.0,6.0,4.0,6.0,6.0,1.0,2.0,1.0,5.0,5.0,3.0,1.0
194,4.0,5.0,4.0,5.0,6.0,2.0,2.0,1.0,5.0,5.0,2.0,0.0
196,2.0,5.0,1.0,4.0,5.0,3.0,5.0,2.0,3.0,2.0,1.0,0.0
197,5.0,6.0,4.0,5.0,6.0,2.0,2.0,1.0,6.0,6.0,3.0,0.0
198,3.0,5.0,4.0,5.0,6.0,2.0,3.0,1.0,5.0,5.0,2.0,0.0
199,4.0,5.0,5.0,4.0,5.0,3.0,2.0,2.0,2.0,4.0,1.0,0.0
200,4.0,4.0,5.0,4.0,5.0,3.0,4.0,2.0,4.0,5.0,2.0,0.0
201,2.0,5.0,4.0,5.0,5.0,2.0,2.0,1.0,4.0,5.0,1.0,0.0
202,4.0,4.0,5.0,4.0,4.0,2.0,2.0,1.0,5.0,5.0,2.0,0.0
203,4.0,3.0,5.0,4.0,5.0,3.0,3.0,2.0,3.0,4.0,2.0,0.0
204,4.0,5.0,3.0,5.0,6.0,2.0,2.0,1.0,4.0,5.0,2.0,0.0
205,5.0,3.0,5.0,3.0,4.0,4.0,4.0,2.0,3.0,3.0,1.0,0.0
206,5.0,5.0,4.0,3.0,5.0,5.0,5.0,4.0,4.0,2.0,1.0,0.0
207,2.0,5.0,4.0,4.0,5.0,4.0,4.0,2.0,4.0,3.0,1.0,0.0
208,4.0,3.0,5.0,4.0,5.0,3.0,5.0,2.0,4.0,3.0,1.0,0.0
209,4.0,4.0,5.0,4.0,5.0,4.0,5.0,3.0,4.0,3.0,2.0,0.0
210,4.0,5.0,4.0,5.0,6.0,3.0,2.0,2.0,5.0,5.0,2.0,0.0
211,4.0,3.0,5.0,4.0,4.0,3.0,5.0,2.0,3.0,2.0,1.0,0.0
212,4.0,3.0,5.0,4.0,5.0,2.0,3.0,2.0,2.0,4.0,1.0,0.0
213,4.0,2.0,5.0,4.0,3.0,5.0,5.0,4.0,2.0,3.0,1.0,0.0
214,4.0,4.0,5.0,4.0,5.0,3.0,4.0,2.0,5.0,4.0,1.0,0.0
215,4.0,3.0,4.0,4.0,5.0,2.0,3.0,2.0,4.0,5.0,2.0,0.0
216,2.0,4.0,3.0,3.0,4.0,1.0,4.0,2.0,3.0,4.0,1.0,0.0
217,5.0,3.0,5.0,3.0,4.0,3.0,5.0,4.0,2.0,1.0,1.0,0.0
218,4.0,5.0,5.0,5.0,6.0,2.0,3.0,2.0,4.0,4.0,1.0,0.0
219,4.0,3.0,5.0,3.0,4.0,4.0,5.0,3.0,2.0,1.0,1.0,0.0
220,4.0,3.0,5.0,3.0,5.0,3.0,4.0,2.0,3.0,4.0,1.0,0.0
221,4.0,4.0,5.0,4.0,5.0,3.0,2.0,3.0,4.0,4.0,2.0,0.0
233,5.0,2.0,5.0,4.0,5.0,4.0,4.0,3.0,3.0,2.0,1.0,0.0
237,4.0,5.0,3.0,5.0,6.0,2.0,2.0,1.0,4.0,5.0,1.0,0.0
238,4.0,4.0,5.0,5.0,5.0,2.0,3.0,2.0,4.0,4.0,1.0,0.0
239,4.0,3.0,5.0,4.0,5.0,4.0,3.0,2.0,3.0,4.0,1.0,0.0
240,4.0,5.0,4.0,4.0,5.0,2.0,3.0,1.0,5.0,5.0,1.0,0.0
241,4.0,5.0,4.0,5.0,6.0,2.0,2.0,1.0,5.0,5.0,3.0,0.0
242,4.0,5.0,5.0,5.0,6.0,2.0,2.0,1.0,5.0,5.0,2.0,1.0
243,5.0,2.0,5.0,2.0,3.0,5.0,5.0,4.0,1.0,2.0,1.0,0.0
244,4.0,5.0,4.0,5.0,5.0,2.0,2.0,2.0,5.0,5.0,3.0,0.0
246,4.0,5.0,5.0,5.0,6.0,2.0,2.0,1.0,5.0,5.0,3.0,1.0
247,4.0,5.0,5.0,5.0,6.0,2.0,2.0,1.0,5.0,5.0,3.0,0.0
248,5.0,3.0,4.0,3.0,5.0,4.0,5.0,3.0,2.0,2.0,1.0,0.0
249,4.0,3.0,5.0,3.0,4.0,4.0,5.0,3.0,2.0,2.0,1.0,0.0
250,5.0,3.0,5.0,3.0,2.0,4.0,5.0,3.0,1.0,1.0,1.0,0.0
251,4.0,3.0,5.0,4.0,5.0,2.0,2.0,1.0,3.0,4.0,1.0,0.0
266,4.0,5.0,4.0,5.0,6.0,3.0,4.0,2.0,5.0,5.0,3.0,0.0
267,4.0,5.0,5.0,5.0,6.0,3.0,4.0,2.0,5.0,3.0,1.0,0.0
268,4.0,3.0,5.0,5.0,6.0,2.0,4.0,1.0,3.0,3.0,1.0,0.0
269,2.0,6.0,1.0,6.0,6.0,1.0,1.0,1.0,6.0,6.0,4.0,1.0
270,4.0,5.0,2.0,6.0,6.0,1.0,2.0,1.0,6.0,6.0,4.0,1.0
271,4.0,5.0,5.0,5.0,6.0,2.0,2.0,1.0,5.0,4.0,3.0,0.0
272,3.0,6.0,2.0,6.0,6.0,1.0,2.0,1.0,5.0,5.0,4.0,1.0
273,4.0,5.0,5.0,5.0,6.0,2.0,3.0,2.0,5.0,4.0,2.0,0.0
274,5.0,3.0,5.0,3.0,4.0,4.0,4.0,2.0,2.0,1.0,1.0,0.0
275,4.0,5.0,4.0,5.0,6.0,2.0,2.0,2.0,6.0,5.0,3.0,1.0
276,3.0,5.0,4.0,5.0,6.0,2.0,2.0,1.0,6.0,6.0,4.0,1.0
277,5.0,3.0,5.0,3.0,2.0,5.0,4.0,4.0,2.0,1.0,1.0,0.0
278,4.0,5.0,5.0,5.0,6.0,2.0,2.0,1.0,5.0,5.0,4.0,0.0
279,3.0,5.0,2.0,6.0,6.0,1.0,2.0,1.0,6.0,6.0,4.0,1.0
280,5.0,3.0,6.0,2.0,3.0,5.0,6.0,4.0,2.0,1.0,1.0,0.0
281,2.0,6.0,1.0,6.0,6.0,1.0,1.0,1.0,6.0,6.0,3.0,1.0
282,3.0,5.0,4.0,4.0,5.0,2.0,2.0,1.0,4.0,5.0,1.0,0.0
283,4.0,4.0,5.0,5.0,6.0,2.0,3.0,1.0,4.0,5.0,2.0,0.0
284,5.0,4.0,5.0,4.0,5.0,3.0,5.0,3.0,3.0,4.0,1.0,0.0
286,4.0,5.0,4.0,5.0,6.0,2.0,4.0,2.0,4.0,5.0,2.0,0.0
307,5.0,4.0,5.0,3.0,4.0,4.0,5.0,4.0,2.0,3.0,1.0,0.0
308,4.0,4.0,5.0,4.0,5.0,3.0,4.0,3.0,2.0,3.0,1.0,0.0
309,4.0,3.0,5.0,4.0,4.0,3.0,5.0,3.0,2.0,3.0,1.0,0.0
310,5.0,3.0,5.0,3.0,4.0,5.0,5.0,4.0,3.0,3.0,1.0,0.0
311,5.0,3.0,5.0,3.0,4.0,5.0,5.0,4.0,2.0,3.0,1.0,0.0
312,5.0,2.0,5.0,2.0,4.0,5.0,5.0,5.0,2.0,1.0,1.0,0.0
313,4.0,3.0,5.0,4.0,4.0,5.0,5.0,3.0,2.0,3.0,1.0,0.0
314,5.0,3.0,5.0,3.0,4.0,5.0,5.0,4.0,2.0,1.0,1.0,0.0
315,4.0,3.0,5.0,3.0,4.0,3.0,5.0,2.0,2.0,1.0,1.0,0.0
316,5.0,3.0,5.0,4.0,4.0,3.0,5.0,3.0,2.0,2.0,1.0,0.0
317,4.0,5.0,4.0,4.0,5.0,2.0,4.0,2.0,4.0,3.0,1.0,0.0
319,4.0,5.0,5.0,4.0,5.0,3.0,4.0,2.0,4.0,5.0,1.0,0.0
320,4.0,4.0,5.0,4.0,5.0,2.0,4.0,2.0,3.0,4.0,1.0,0.0
321,4.0,3.0,5.0,4.0,5.0,3.0,2.0,2.0,3.0,2.0,1.0,0.0
322,5.0,2.0,6.0,3.0,4.0,3.0,5.0,4.0,2.0,2.0,1.0,0.0
323,5.0,2.0,5.0,3.0,4.0,5.0,5.0,3.0,2.0,2.0,1.0,0.0
326,4.0,3.0,5.0,4.0,5.0,4.0,4.0,3.0,4.0,3.0,1.0,0.0
327,4.0,3.0,5.0,3.0,4.0,5.0,5.0,2.0,2.0,3.0,1.0,0.0
337,4.0,3.0,5.0,4.0,5.0,3.0,4.0,3.0,4.0,3.0,1.0,0.0
338,5.0,2.0,4.0,5.0,5.0,2.0,3.0,2.0,4.0,4.0,1.0,0.0
339,5.0,3.0,5.0,4.0,4.0,3.0,5.0,3.0,4.0,3.0,1.0,0.0
341,4.0,3.0,5.0,4.0,5.0,3.0,4.0,3.0,2.0,3.0,1.0,0.0
342,5.0,3.0,5.0,2.0,3.0,5.0,5.0,4.0,2.0,1.0,1.0,0.0
343,5.0,3.0,5.0,3.0,4.0,5.0,5.0,4.0,2.0,2.0,1.0,0.0
344,4.0,3.0,5.0,3.0,4.0,5.0,5.0,4.0,3.0,3.0,1.0,0.0
345,4.0,4.0,5.0,4.0,5.0,3.0,4.0,2.0,4.0,5.0,2.0,0.0
374,5.0,3.0,5.0,4.0,5.0,4.0,5.0,3.0,3.0,2.0,1.0,0.0
378,3.0,5.0,4.0,5.0,6.0,2.0,4.0,1.0,4.0,3.0,1.0,0.0
382,5.0,2.0,5.0,3.0,4.0,2.0,5.0,4.0,2.0,1.0,1.0,0.0
383,4.0,3.0,5.0,4.0,5.0,4.0,2.0,2.0,4.0,3.0,1.0,0.0
384,4.0,3.0,5.0,3.0,3.0,5.0,5.0,3.0,1.0,2.0,1.0,0.0
385,4.0,3.0,5.0,2.0,3.0,5.0,5.0,4.0,1.0,2.0,1.0,0.0
386,4.0,3.0,5.0,4.0,5.0,3.0,1.0,2.0,3.0,4.0,1.0,0.0
387,5.0,3.0,4.0,4.0,5.0,3.0,5.0,3.0,2.0,3.0,1.0,0.0
388,5.0,3.0,5.0,3.0,4.0,5.0,5.0,2.0,2.0,3.0,1.0,0.0
389,4.0,3.0,5.0,4.0,4.0,3.0,5.0,3.0,3.0,3.0,1.0,0.0
390,5.0,3.0,5.0,4.0,4.0,4.0,5.0,2.0,4.0,2.0,1.0,0.0
391,2.0,6.0,4.0,6.0,6.0,1.0,2.0,1.0,5.0,5.0,3.0,1.0
392,4.0,3.0,5.0,3.0,4.0,4.0,5.0,4.0,3.0,3.0,1.0,0.0
393,4.0,5.0,3.0,4.0,6.0,1.0,2.0,1.0,5.0,5.0,3.0,0.0
394,4.0,3.0,5.0,4.0,6.0,2.0,3.0,1.0,4.0,5.0,1.0,0.0
395,1.0,6.0,4.0,6.0,6.0,1.0,1.0,1.0,5.0,5.0,3.0,0.0
396,4.0,5.0,5.0,5.0,6.0,2.0,1.0,1.0,4.0,3.0,1.0,0.0
397,2.0,6.0,1.0,6.0,6.0,1.0,1.0,1.0,6.0,6.0,5.0,1.0
398,2.0,6.0,2.0,6.0,6.0,1.0,2.0,1.0,6.0,6.0,4.0,1.0
399,3.0,5.0,4.0,5.0,5.0,2.0,2.0,1.0,4.0,4.0,2.0,0.0
400,4.0,5.0,4.0,4.0,6.0,2.0,3.0,1.0,4.0,4.0,2.0,0.0
402,4.0,6.0,5.0,5.0,6.0,2.0,3.0,1.0,5.0,4.0,2.0,0.0
403,4.0,4.0,5.0,5.0,5.0,2.0,2.0,1.0,5.0,5.0,2.0,0.0
404,4.0,5.0,5.0,4.0,5.0,4.0,5.0,3.0,3.0,3.0,1.0,0.0
405,4.0,4.0,5.0,4.0,4.0,3.0,5.0,3.0,2.0,1.0,1.0,0.0
406,5.0,2.0,6.0,3.0,3.0,5.0,5.0,4.0,2.0,2.0,1.0,0.0
408,5.0,4.0,5.0,4.0,5.0,3.0,4.0,3.0,2.0,2.0,1.0,0.0
409,5.0,3.0,5.0,3.0,4.0,5.0,5.0,4.0,2.0,3.0,1.0,0.0
410,4.0,5.0,4.0,4.0,6.0,3.0,4.0,2.0,3.0,3.0,1.0,0.0
411,4.0,6.0,5.0,5.0,6.0,2.0,3.0,1.0,6.0,5.0,2.0,0.0
412,5.0,3.0,5.0,4.0,5.0,3.0,4.0,3.0,3.0,2.0,1.0,0.0
424,4.0,3.0,5.0,4.0,5.0,2.0,2.0,1.0,4.0,5.0,1.0,0.0
425,4.0,5.0,5.0,5.0,6.0,2.0,1.0,1.0,4.0,5.0,1.0,0.0
426,5.0,3.0,5.0,2.0,3.0,5.0,5.0,4.0,1.0,2.0,1.0,0.0
427,2.0,5.0,3.0,5.0,6.0,2.0,2.0,1.0,4.0,5.0,1.0,1.0
428,4.0,3.0,5.0,4.0,5.0,3.0,4.0,2.0,4.0,3.0,1.0,0.0
430,4.0,3.0,5.0,4.0,5.0,2.0,4.0,1.0,2.0,3.0,1.0,0.0
431,4.0,3.0,5.0,3.0,4.0,3.0,4.0,3.0,3.0,3.0,1.0,0.0
432,4.0,3.0,5.0,4.0,4.0,4.0,5.0,3.0,2.0,3.0,1.0,0.0
433,4.0,3.0,5.0,5.0,5.0,2.0,3.0,2.0,4.0,5.0,2.0,0.0
434,4.0,5.0,3.0,5.0,6.0,2.0,1.0,1.0,4.0,5.0,2.0,0.0
435,4.0,5.0,4.0,5.0,6.0,2.0,1.0,1.0,5.0,5.0,2.0,0.0
436,5.0,3.0,5.0,4.0,3.0,4.0,5.0,3.0,2.0,2.0,1.0,0.0
438,4.0,3.0,5.0,3.0,4.0,4.0,4.0,4.0,3.0,3.0,1.0,0.0
439,4.0,6.0,5.0,5.0,5.0,4.0,4.0,2.0,4.0,4.0,1.0,0.0
440,4.0,3.0,5.0,4.0,5.0,4.0,5.0,2.0,2.0,2.0,1.0,0.0
448,4.0,3.0,5.0,3.0,4.0,4.0,3.0,2.0,2.0,2.0,1.0,0.0
450,4.0,3.0,5.0,3.0,5.0,1.0,4.0,3.0,2.0,4.0,1.0,0.0
453,4.0,3.0,5.0,4.0,4.0,3.0,5.0,3.0,3.0,3.0,1.0,0.0
454,5.0,3.0,5.0,4.0,4.0,4.0,5.0,3.0,2.0,1.0,1.0,0.0
455,5.0,3.0,5.0,3.0,4.0,2.0,4.0,2.0,1.0,1.0,1.0,0.0
456,4.0,3.0,5.0,3.0,4.0,3.0,5.0,3.0,2.0,2.0,1.0,0.0
457,4.0,3.0,5.0,4.0,5.0,3.0,4.0,3.0,3.0,4.0,1.0,0.0
459,5.0,3.0,5.0,3.0,3.0,5.0,5.0,4.0,2.0,2.0,1.0,0.0
466,1.0,6.0,2.0,6.0,6.0,1.0,1.0,1.0,6.0,6.0,4.0,1.0
468,4.0,3.0,5.0,4.0,5.0,2.0,4.0,2.0,3.0,4.0,1.0,0.0
470,4.0,6.0,5.0,5.0,6.0,2.0,1.0,1.0,4.0,4.0,2.0,1.0
472,2.0,6.0,5.0,6.0,6.0,2.0,4.0,2.0,5.0,5.0,2.0,0.0
473,2.0,5.0,5.0,4.0,5.0,2.0,3.0,2.0,3.0,4.0,1.0,0.0
474,4.0,6.0,3.0,5.0,6.0,2.0,2.0,1.0,6.0,5.0,4.0,1.0
475,4.0,5.0,4.0,5.0,4.0,3.0,4.0,2.0,4.0,4.0,1.0,0.0
484,5.0,3.0,5.0,3.0,3.0,4.0,5.0,4.0,2.0,1.0,1.0,0.0
485,4.0,3.0,5.0,4.0,5.0,2.0,1.0,1.0,3.0,3.0,1.0,0.0
486,4.0,3.0,5.0,4.0,3.0,5.0,5.0,4.0,3.0,2.0,1.0,0.0
487,5.0,2.0,5.0,3.0,4.0,5.0,5.0,4.0,2.0,3.0,1.0,0.0
488,5.0,3.0,5.0,3.0,4.0,5.0,5.0,4.0,2.0,3.0,1.0,0.0
489,4.0,3.0,5.0,3.0,4.0,3.0,4.0,3.0,2.0,3.0,1.0,0.0
490,5.0,2.0,5.0,3.0,4.0,5.0,5.0,4.0,2.0,2.0,1.0,0.0
491,4.0,3.0,5.0,3.0,3.0,4.0,5.0,4.0,3.0,3.0,2.0,0.0
492,5.0,3.0,5.0,4.0,4.0,3.0,5.0,3.0,2.0,4.0,1.0,0.0
493,4.0,5.0,5.0,4.0,5.0,4.0,5.0,3.0,2.0,1.0,1.0,0.0
494,4.0,3.0,5.0,4.0,5.0,2.0,4.0,2.0,5.0,5.0,2.0,0.0
495,5.0,3.0,5.0,3.0,4.0,3.0,5.0,3.0,2.0,2.0,1.0,0.0
496,3.0,5.0,4.0,5.0,6.0,2.0,2.0,1.0,5.0,5.0,4.0,1.0
497,5.0,3.0,5.0,4.0,4.0,3.0,4.0,3.0,3.0,2.0,1.0,0.0
498,4.0,5.0,4.0,5.0,6.0,2.0,2.0,1.0,5.0,5.0,4.0,0.0
499,2.0,6.0,4.0,6.0,6.0,1.0,2.0,1.0,6.0,6.0,4.0,1.0
500,5.0,3.0,4.0,4.0,5.0,3.0,4.0,3.0,2.0,2.0,1.0,0.0
501,5.0,3.0,5.0,4.0,5.0,3.0,4.0,2.0,4.0,4.0,1.0,0.0
507,4.0,6.0,4.0,5.0,6.0,2.0,1.0,1.0,5.0,5.0,2.0,0.0
508,4.0,3.0,5.0,4.0,5.0,2.0,4.0,2.0,3.0,2.0,1.0,0.0
509,4.0,6.0,5.0,5.0,6.0,2.0,3.0,1.0,6.0,6.0,3.0,1.0
510,4.0,6.0,5.0,6.0,6.0,1.0,2.0,1.0,5.0,5.0,3.0,0.0
511,2.0,6.0,3.0,5.0,6.0,1.0,2.0,1.0,5.0,5.0,2.0,0.0
512,2.0,6.0,5.0,5.0,6.0,3.0,4.0,2.0,5.0,4.0,1.0,0.0
513,4.0,4.0,5.0,5.0,6.0,3.0,4.0,2.0,3.0,4.0,1.0,0.0
514,5.0,3.0,5.0,4.0,4.0,4.0,5.0,3.0,2.0,3.0,1.0,0.0
515,5.0,3.0,5.0,3.0,4.0,4.0,5.0,4.0,2.0,3.0,1.0,0.0
516,4.0,3.0,5.0,4.0,6.0,2.0,1.0,1.0,5.0,5.0,2.0,0.0
517,3.0,6.0,1.0,6.0,6.0,1.0,1.0,1.0,6.0,6.0,4.0,0.0
519,5.0,2.0,5.0,3.0,3.0,4.0,5.0,4.0,2.0,2.0,1.0,0.0
521,5.0,3.0,5.0,2.0,3.0,5.0,5.0,4.0,2.0,1.0,1.0,0.0
522,5.0,3.0,5.0,3.0,4.0,5.0,5.0,4.0,2.0,2.0,1.0,0.0
523,5.0,3.0,5.0,2.0,3.0,5.0,5.0,4.0,1.0,2.0,1.0,0.0
524,5.0,3.0,5.0,3.0,4.0,4.0,5.0,3.0,2.0,3.0,1.0,0.0
525,4.0,3.0,5.0,4.0,4.0,3.0,5.0,4.0,2.0,3.0,1.0,0.0
526,5.0,3.0,5.0,2.0,3.0,5.0,5.0,4.0,1.0,2.0,1.0,0.0
528,5.0,4.0,5.0,4.0,4.0,4.0,4.0,3.0,4.0,4.0,2.0,0.0
529,5.0,4.0,5.0,3.0,4.0,5.0,5.0,4.0,3.0,2.0,1.0,0.0
531,4.0,3.0,5.0,3.0,4.0,2.0,4.0,2.0,3.0,3.0,1.0,0.0
533,5.0,3.0,5.0,3.0,4.0,4.0,5.0,3.0,2.0,2.0,1.0,0.0
537,4.0,5.0,4.0,4.0,5.0,2.0,3.0,2.0,4.0,3.0,1.0,0.0
538,4.0,6.0,5.0,5.0,6.0,2.0,2.0,1.0,4.0,5.0,1.0,0.0
539,4.0,4.0,5.0,4.0,5.0,3.0,4.0,3.0,4.0,3.0,1.0,0.0
540,4.0,3.0,5.0,5.0,6.0,1.0,2.0,1.0,5.0,5.0,3.0,0.0
541,4.0,5.0,5.0,5.0,6.0,2.0,2.0,2.0,6.0,6.0,4.0,0.0
544,2.0,6.0,4.0,5.0,6.0,1.0,2.0,1.0,5.0,6.0,2.0,0.0
545,4.0,5.0,4.0,4.0,5.0,3.0,2.0,2.0,4.0,4.0,1.0,0.0
547,4.0,5.0,5.0,4.0,5.0,3.0,4.0,3.0,5.0,5.0,1.0,0.0
548,4.0,3.0,5.0,3.0,4.0,5.0,4.0,3.0,2.0,3.0,1.0,0.0
549,5.0,3.0,5.0,3.0,5.0,5.0,3.0,2.0,2.0,3.0,1.0,0.0
550,4.0,3.0,5.0,3.0,4.0,4.0,5.0,3.0,2.0,3.0,1.0,0.0
551,5.0,3.0,5.0,4.0,4.0,3.0,4.0,2.0,4.0,3.0,1.0,0.0
552,4.0,6.0,3.0,4.0,5.0,2.0,4.0,2.0,3.0,5.0,1.0,0.0
553,4.0,3.0,5.0,4.0,4.0,5.0,5.0,4.0,2.0,2.0,1.0,0.0
554,4.0,6.0,5.0,4.0,5.0,2.0,4.0,2.0,4.0,5.0,1.0,0.0
555,5.0,2.0,5.0,3.0,3.0,4.0,5.0,4.0,2.0,3.0,1.0,0.0
556,5.0,3.0,5.0,3.0,4.0,4.0,5.0,4.0,2.0,2.0,1.0,0.0
557,4.0,3.0,5.0,3.0,4.0,5.0,5.0,4.0,2.0,3.0,1.0,0.0
558,5.0,4.0,5.0,4.0,5.0,2.0,3.0,1.0,3.0,4.0,1.0,0.0
559,5.0,3.0,5.0,3.0,4.0,5.0,5.0,4.0,2.0,3.0,1.0,0.0
560,5.0,3.0,5.0,4.0,4.0,3.0,5.0,3.0,3.0,4.0,1.0,0.0
561,4.0,5.0,4.0,5.0,6.0,2.0,2.0,1.0,6.0,5.0,1.0,1.0
568,5.0,3.0,5.0,3.0,4.0,4.0,5.0,3.0,2.0,2.0,1.0,0.0
569,5.0,3.0,5.0,2.0,3.0,5.0,5.0,4.0,2.0,3.0,1.0,0.0
570,5.0,3.0,5.0,3.0,4.0,5.0,5.0,4.0,2.0,2.0,1.0,0.0
571,2.0,5.0,1.0,6.0,6.0,1.0,2.0,1.0,5.0,5.0,3.0,1.0
582,5.0,3.0,5.0,4.0,5.0,4.0,4.0,3.0,2.0,2.0,1.0,0.0
583,4.0,3.0,5.0,4.0,5.0,2.0,3.0,1.0,3.0,4.0,1.0,0.0
584,4.0,2.0,5.0,3.0,3.0,4.0,5.0,2.0,2.0,1.0,1.0,0.0
585,4.0,5.0,4.0,5.0,6.0,2.0,2.0,1.0,5.0,5.0,2.0,1.0
586,3.0,6.0,5.0,4.0,6.0,2.0,1.0,2.0,5.0,4.0,2.0,0.0
587,2.0,6.0,3.0,6.0,6.0,1.0,2.0,1.0,5.0,5.0,2.0,0.0
588,5.0,3.0,5.0,3.0,4.0,5.0,5.0,3.0,2.0,1.0,1.0,0.0
589,4.0,6.0,5.0,6.0,6.0,1.0,2.0,1.0,5.0,5.0,2.0,0.0
590,3.0,5.0,4.0,5.0,6.0,2.0,1.0,1.0,5.0,5.0,2.0,0.0
591,4.0,3.0,5.0,2.0,3.0,5.0,5.0,4.0,1.0,1.0,1.0,0.0
592,2.0,6.0,3.0,6.0,6.0,1.0,2.0,1.0,5.0,5.0,3.0,1.0
593,3.0,6.0,5.0,5.0,6.0,2.0,4.0,1.0,5.0,6.0,2.0,0.0
594,5.0,2.0,5.0,2.0,3.0,4.0,5.0,4.0,2.0,1.0,1.0,0.0
595,4.0,3.0,5.0,4.0,5.0,3.0,4.0,3.0,3.0,4.0,1.0,0.0
596,4.0,4.0,3.0,4.0,6.0,3.0,4.0,2.0,3.0,4.0,1.0,0.0
597,4.0,3.0,5.0,3.0,4.0,5.0,4.0,3.0,2.0,2.0,1.0,0.0
598,4.0,5.0,5.0,4.0,6.0,3.0,4.0,2.0,3.0,5.0,1.0,0.0
599,4.0,5.0,5.0,4.0,5.0,3.0,4.0,3.0,2.0,4.0,1.0,0.0
600,4.0,5.0,4.0,3.0,4.0,4.0,5.0,4.0,2.0,3.0,1.0,0.0
601,5.0,3.0,5.0,3.0,4.0,5.0,5.0,4.0,2.0,2.0,1.0,0.0
606,5.0,3.0,5.0,4.0,3.0,4.0,5.0,3.0,2.0,1.0,1.0,0.0
607,4.0,3.0,5.0,3.0,5.0,4.0,5.0,3.0,4.0,2.0,1.0,0.0
608,4.0,3.0,5.0,3.0,4.0,5.0,5.0,4.0,2.0,3.0,1.0,0.0
609,4.0,5.0,4.0,5.0,6.0,1.0,2.0,1.0,4.0,4.0,2.0,0.0
619,4.0,3.0,5.0,3.0,3.0,5.0,5.0,4.0,2.0,1.0,1.0,0.0
620,3.0,5.0,5.0,4.0,5.0,3.0,2.0,1.0,3.0,3.0,1.0,0.0
625,4.0,5.0,4.0,5.0,6.0,2.0,2.0,1.0,4.0,4.0,1.0,0.0
626,5.0,3.0,4.0,3.0,4.0,5.0,5.0,4.0,2.0,1.0,1.0,0.0
627,3.0,5.0,4.0,4.0,5.0,3.0,5.0,2.0,3.0,5.0,1.0,0.0
629,4.0,5.0,4.0,3.0,4.0,4.0,5.0,3.0,2.0,3.0,1.0,0.0
630,4.0,5.0,4.0,5.0,6.0,2.0,2.0,1.0,6.0,6.0,4.0,1.0
632,4.0,6.0,5.0,5.0,6.0,2.0,4.0,2.0,5.0,5.0,2.0,0.0
633,5.0,3.0,5.0,3.0,5.0,2.0,4.0,2.0,1.0,3.0,1.0,0.0
634,4.0,5.0,5.0,4.0,5.0,3.0,4.0,2.0,5.0,5.0,1.0,0.0
635,5.0,2.0,5.0,4.0,3.0,4.0,5.0,3.0,2.0,1.0,1.0,0.0
636,4.0,5.0,5.0,5.0,6.0,2.0,2.0,1.0,4.0,5.0,1.0,0.0
637,5.0,3.0,5.0,2.0,3.0,4.0,5.0,4.0,2.0,3.0,1.0,0.0
638,5.0,3.0,5.0,3.0,4.0,4.0,5.0,3.0,3.0,2.0,1.0,0.0
639,5.0,4.0,5.0,4.0,4.0,2.0,5.0,2.0,4.0,3.0,1.0,0.0
640,4.0,5.0,5.0,4.0,5.0,4.0,4.0,3.0,4.0,4.0,2.0,0.0
641,4.0,3.0,5.0,4.0,5.0,3.0,3.0,2.0,4.0,4.0,1.0,0.0
642,4.0,5.0,4.0,5.0,6.0,2.0,4.0,2.0,5.0,5.0,1.0,0.0
643,5.0,2.0,5.0,4.0,5.0,4.0,5.0,4.0,3.0,4.0,1.0,0.0
644,5.0,2.0,5.0,4.0,3.0,5.0,5.0,4.0,2.0,3.0,1.0,0.0
645,4.0,3.0,5.0,4.0,6.0,3.0,4.0,2.0,4.0,3.0,1.0,0.0
648,5.0,3.0,5.0,3.0,4.0,5.0,5.0,3.0,3.0,2.0,1.0,0.0
649,4.0,5.0,5.0,5.0,6.0,2.0,2.0,1.0,5.0,5.0,1.0,0.0
650,4.0,5.0,4.0,5.0,6.0,2.0,3.0,1.0,5.0,5.0,3.0,1.0
651,4.0,3.0,5.0,4.0,5.0,3.0,2.0,2.0,5.0,5.0,1.0,0.0
655,5.0,2.0,6.0,3.0,4.0,5.0,5.0,4.0,2.0,1.0,1.0,0.0
656,5.0,3.0,5.0,2.0,3.0,5.0,5.0,4.0,2.0,2.0,1.0,0.0
657,4.0,3.0,5.0,3.0,4.0,5.0,5.0,4.0,2.0,2.0,1.0,0.0
661,4.0,5.0,3.0,4.0,5.0,2.0,3.0,1.0,5.0,5.0,2.0,0.0
662,4.0,5.0,5.0,5.0,6.0,2.0,3.0,1.0,5.0,4.0,2.0,0.0
663,4.0,4.0,5.0,4.0,5.0,3.0,4.0,3.0,3.0,4.0,1.0,0.0
664,4.0,5.0,5.0,4.0,5.0,3.0,4.0,3.0,4.0,3.0,1.0,0.0
665,5.0,3.0,5.0,4.0,4.0,3.0,5.0,3.0,2.0,2.0,1.0,0.0
666,4.0,3.0,5.0,4.0,5.0,2.0,3.0,2.0,3.0,4.0,1.0,0.0
670,4.0,3.0,5.0,3.0,4.0,5.0,5.0,4.0,3.0,3.0,1.0,0.0
672,5.0,3.0,5.0,4.0,3.0,4.0,5.0,3.0,3.0,2.0,1.0,0.0
674,5.0,4.0,5.0,3.0,4.0,5.0,5.0,4.0,2.0,3.0,1.0,0.0
681,5.0,2.0,4.0,2.0,4.0,5.0,5.0,4.0,3.0,2.0,1.0,0.0
685,4.0,5.0,5.0,4.0,5.0,2.0,3.0,1.0,4.0,4.0,2.0,0.0
687,5.0,4.0,5.0,4.0,3.0,5.0,5.0,4.0,2.0,3.0,1.0,0.0
688,4.0,3.0,5.0,3.0,4.0,4.0,5.0,3.0,2.0,3.0,1.0,0.0
690,5.0,3.0,5.0,3.0,4.0,5.0,5.0,4.0,2.0,2.0,1.0,0.0
691,4.0,6.0,5.0,5.0,6.0,2.0,2.0,1.0,5.0,5.0,3.0,0.0
692,4.0,5.0,4.0,5.0,6.0,2.0,3.0,2.0,5.0,5.0,3.0,1.0
693,5.0,2.0,5.0,4.0,3.0,4.0,5.0,4.0,2.0,2.0,1.0,0.0
694,4.0,3.0,5.0,4.0,4.0,3.0,5.0,3.0,3.0,2.0,1.0,0.0
695,4.0,5.0,5.0,5.0,6.0,2.0,3.0,2.0,5.0,4.0,1.0,0.0
696,5.0,3.0,6.0,3.0,4.0,5.0,5.0,4.0,2.0,2.0,1.0,0.0
697,5.0,3.0,5.0,4.0,5.0,4.0,4.0,4.0,5.0,4.0,1.0,0.0
698,5.0,3.0,4.0,3.0,4.0,5.0,5.0,4.0,2.0,2.0,1.0,0.0
699,4.0,5.0,5.0,4.0,5.0,4.0,5.0,3.0,5.0,4.0,2.0,0.0
701,2.0,6.0,5.0,6.0,6.0,1.0,2.0,1.0,5.0,5.0,3.0,1.0
703,4.0,5.0,5.0,5.0,6.0,2.0,4.0,2.0,4.0,3.0,1.0,0.0
704,5.0,3.0,5.0,4.0,5.0,3.0,4.0,2.0,3.0,4.0,1.0,0.0
705,5.0,3.0,5.0,3.0,3.0,5.0,5.0,4.0,2.0,1.0,1.0,0.0
706,4.0,6.0,2.0,6.0,6.0,1.0,1.0,1.0,6.0,6.0,4.0,1.0
707,5.0,4.0,4.0,4.0,5.0,3.0,4.0,3.0,5.0,5.0,2.0,0.0
708,4.0,3.0,5.0,3.0,4.0,4.0,5.0,4.0,2.0,2.0,1.0,0.0
709,4.0,5.0,3.0,5.0,6.0,2.0,3.0,1.0,4.0,5.0,1.0,0.0
710,4.0,5.0,3.0,5.0,6.0,2.0,2.0,1.0,5.0,5.0,2.0,0.0
713,5.0,3.0,5.0,3.0,4.0,5.0,6.0,2.0,1.0,2.0,1.0,0.0
718,3.0,5.0,5.0,5.0,6.0,2.0,2.0,1.0,4.0,5.0,1.0,0.0
719,4.0,5.0,4.0,5.0,6.0,2.0,2.0,1.0,5.0,5.0,2.0,0.0
720,4.0,5.0,3.0,5.0,6.0,2.0,3.0,1.0,4.0,5.0,2.0,0.0
721,5.0,4.0,5.0,,,,,,,,,
725,2.0,6.0,5.0,6.0,6.0,2.0,2.0,1.0,6.0,5.0,1.0,1.0
726,4.0,3.0,5.0,5.0,6.0,2.0,2.0,1.0,5.0,5.0,2.0,0.0
729,5.0,3.0,5.0,3.0,4.0,4.0,5.0,3.0,2.0,2.0,1.0,0.0
730,5.0,3.0,5.0,3.0,5.0,4.0,5.0,4.0,3.0,4.0,1.0,0.0
733,2.0,6.0,5.0,5.0,6.0,1.0,2.0,1.0,4.0,4.0,2.0,0.0
734,2.0,6.0,1.0,6.0,6.0,1.0,1.0,1.0,6.0,6.0,4.0,1.0
735,5.0,3.0,5.0,2.0,3.0,5.0,5.0,4.0,1.0,2.0,1.0,0.0
736,5.0,4.0,5.0,4.0,3.0,4.0,5.0,3.0,2.0,3.0,1.0,0.0
737,4.0,5.0,5.0,5.0,6.0,3.0,4.0,2.0,4.0,5.0,1.0,0.0
738,4.0,6.0,5.0,5.0,6.0,4.0,4.0,2.0,4.0,5.0,1.0,0.0
739,5.0,3.0,5.0,3.0,5.0,2.0,4.0,3.0,4.0,3.0,1.0,0.0
743,4.0,5.0,5.0,5.0,6.0,2.0,2.0,1.0,4.0,5.0,1.0,1.0
747,5.0,3.0,5.0,4.0,5.0,4.0,5.0,3.0,3.0,3.0,1.0,0.0
748,5.0,2.0,5.0,3.0,4.0,5.0,5.0,4.0,2.0,1.0,1.0,0.0
751,5.0,2.0,4.0,3.0,4.0,3.0,5.0,2.0,2.0,3.0,1.0,0.0
752,4.0,3.0,5.0,3.0,4.0,4.0,5.0,4.0,2.0,1.0,1.0,0.0
756,4.0,3.0,5.0,3.0,4.0,3.0,5.0,3.0,2.0,2.0,1.0,0.0
759,4.0,3.0,5.0,4.0,5.0,3.0,4.0,3.0,2.0,3.0,1.0,0.0
761,4.0,3.0,5.0,4.0,5.0,3.0,4.0,2.0,3.0,4.0,1.0,0.0
762,4.0,3.0,5.0,4.0,3.0,4.0,4.0,3.0,2.0,2.0,1.0,0.0
764,2.0,6.0,1.0,6.0,6.0,1.0,1.0,1.0,6.0,6.0,4.0,1.0
765,4.0,5.0,4.0,5.0,6.0,2.0,2.0,2.0,4.0,3.0,1.0,0.0
767,4.0,3.0,5.0,4.0,5.0,3.0,3.0,2.0,4.0,4.0,1.0,0.0
768,5.0,2.0,5.0,2.0,3.0,5.0,4.0,4.0,1.0,2.0,1.0,0.0
769,4.0,4.0,5.0,3.0,4.0,4.0,5.0,3.0,2.0,2.0,1.0,0.0
771,5.0,3.0,5.0,3.0,4.0,4.0,5.0,3.0,2.0,3.0,1.0,0.0
772,4.0,3.0,5.0,3.0,4.0,4.0,3.0,3.0,2.0,3.0,1.0,0.0
773,4.0,3.0,5.0,2.0,4.0,5.0,4.0,3.0,1.0,1.0,1.0,0.0
774,5.0,2.0,5.0,2.0,3.0,5.0,5.0,4.0,1.0,1.0,1.0,0.0
781,5.0,2.0,5.0,2.0,3.0,5.0,5.0,4.0,1.0,2.0,1.0,0.0
782,5.0,3.0,5.0,3.0,4.0,2.0,4.0,2.0,2.0,3.0,1.0,0.0
783,5.0,3.0,5.0,4.0,5.0,2.0,3.0,2.0,3.0,4.0,1.0,0.0
786,3.0,5.0,2.0,5.0,6.0,2.0,2.0,1.0,5.0,5.0,3.0,1.0
787,4.0,5.0,4.0,4.0,6.0,2.0,4.0,1.0,2.0,3.0,1.0,0.0
788,4.0,5.0,4.0,4.0,5.0,2.0,2.0,1.0,4.0,4.0,1.0,0.0
799,5.0,3.0,5.0,3.0,4.0,5.0,5.0,3.0,2.0,3.0,1.0,0.0
801,5.0,3.0,5.0,3.0,4.0,5.0,4.0,3.0,2.0,1.0,1.0,0.0
803,5.0,3.0,5.0,3.0,4.0,2.0,5.0,2.0,3.0,2.0,1.0,0.0
804,4.0,5.0,4.0,5.0,6.0,2.0,1.0,1.0,5.0,5.0,2.0,0.0
806,2.0,6.0,3.0,6.0,6.0,1.0,1.0,1.0,6.0,6.0,2.0,0.0
807,2.0,6.0,1.0,6.0,6.0,1.0,1.0,1.0,5.0,5.0,3.0,1.0
809,2.0,5.0,1.0,6.0,6.0,1.0,2.0,1.0,6.0,6.0,5.0,1.0
810,4.0,5.0,3.0,5.0,6.0,2.0,1.0,2.0,4.0,5.0,2.0,0.0
811,4.0,5.0,3.0,5.0,6.0,2.0,2.0,1.0,5.0,5.0,3.0,0.0
812,4.0,3.0,5.0,4.0,4.0,3.0,5.0,3.0,2.0,3.0,1.0,0.0
815,4.0,4.0,5.0,4.0,4.0,5.0,5.0,4.0,3.0,2.0,1.0,0.0
817,4.0,3.0,5.0,4.0,5.0,4.0,4.0,3.0,3.0,4.0,1.0,0.0
818,4.0,6.0,5.0,5.0,6.0,3.0,4.0,1.0,4.0,5.0,1.0,0.0
819,4.0,5.0,4.0,5.0,5.0,2.0,4.0,2.0,5.0,5.0,2.0,0.0
821,4.0,3.0,5.0,4.0,5.0,2.0,4.0,1.0,5.0,4.0,1.0,0.0
823,4.0,5.0,4.0,4.0,5.0,3.0,2.0,2.0,4.0,4.0,1.0,0.0
824,4.0,4.0,5.0,4.0,4.0,3.0,3.0,3.0,4.0,3.0,2.0,0.0
825,4.0,5.0,5.0,4.0,5.0,2.0,4.0,2.0,4.0,4.0,1.0,0.0
826,4.0,5.0,3.0,5.0,6.0,1.0,2.0,1.0,5.0,5.0,2.0,1.0
827,5.0,3.0,5.0,2.0,2.0,5.0,5.0,4.0,1.0,1.0,1.0,0.0
828,5.0,3.0,6.0,3.0,3.0,5.0,5.0,4.0,2.0,2.0,1.0,0.0
831,4.0,3.0,5.0,4.0,5.0,3.0,4.0,3.0,3.0,4.0,1.0,0.0
832,5.0,2.0,5.0,3.0,4.0,5.0,5.0,4.0,2.0,2.0,1.0,0.0
833,4.0,5.0,5.0,5.0,6.0,2.0,2.0,1.0,5.0,4.0,1.0,0.0
834,4.0,3.0,5.0,4.0,5.0,3.0,3.0,2.0,2.0,4.0,1.0,0.0
837,4.0,6.0,4.0,5.0,6.0,2.0,2.0,1.0,3.0,4.0,1.0,1.0
838,4.0,5.0,4.0,5.0,6.0,2.0,2.0,1.0,4.0,4.0,1.0,0.0
839,4.0,2.0,5.0,3.0,4.0,4.0,5.0,3.0,2.0,1.0,1.0,0.0
840,4.0,5.0,3.0,5.0,6.0,2.0,4.0,2.0,4.0,5.0,2.0,0.0
845,5.0,3.0,5.0,4.0,5.0,2.0,4.0,3.0,4.0,2.0,1.0,0.0
846,5.0,3.0,5.0,4.0,3.0,4.0,5.0,3.0,4.0,3.0,2.0,0.0
847,5.0,4.0,5.0,4.0,5.0,3.0,5.0,3.0,3.0,2.0,1.0,0.0
848,4.0,3.0,5.0,4.0,5.0,2.0,4.0,2.0,4.0,5.0,1.0,0.0
849,5.0,3.0,5.0,2.0,3.0,5.0,5.0,4.0,3.0,1.0,1.0,0.0
850,4.0,3.0,5.0,4.0,5.0,3.0,4.0,3.0,2.0,1.0,1.0,0.0
853,3.0,5.0,4.0,3.0,4.0,5.0,5.0,3.0,3.0,2.0,1.0,0.0
854,3.0,5.0,4.0,5.0,6.0,1.0,2.0,1.0,5.0,5.0,3.0,0.0
857,4.0,3.0,5.0,4.0,5.0,2.0,4.0,3.0,4.0,2.0,1.0,0.0
858,4.0,4.0,5.0,4.0,5.0,3.0,4.0,2.0,3.0,4.0,1.0,0.0
862,2.0,6.0,1.0,6.0,6.0,1.0,1.0,1.0,6.0,5.0,4.0,1.0
863,4.0,5.0,3.0,5.0,6.0,2.0,2.0,1.0,5.0,5.0,4.0,1.0
870,4.0,5.0,5.0,4.0,5.0,2.0,2.0,1.0,4.0,3.0,2.0,0.0
872,4.0,3.0,5.0,4.0,5.0,3.0,5.0,3.0,2.0,3.0,1.0,0.0
873,4.0,3.0,5.0,4.0,5.0,2.0,2.0,2.0,3.0,3.0,1.0,0.0
875,4.0,5.0,5.0,4.0,5.0,3.0,5.0,2.0,4.0,4.0,1.0,0.0
878,5.0,3.0,5.0,3.0,5.0,4.0,5.0,4.0,3.0,2.0,1.0,0.0
880,5.0,3.0,5.0,3.0,4.0,5.0,4.0,4.0,2.0,1.0,1.0,0.0
884,4.0,5.0,4.0,5.0,5.0,2.0,4.0,1.0,5.0,5.0,3.0,0.0
885,5.0,3.0,5.0,4.0,5.0,2.0,3.0,1.0,4.0,4.0,2.0,0.0
886,5.0,3.0,5.0,3.0,4.0,4.0,5.0,4.0,2.0,1.0,1.0,0.0
887,5.0,3.0,5.0,3.0,4.0,2.0,5.0,3.0,4.0,3.0,1.0,0.0
888,4.0,3.0,5.0,3.0,5.0,4.0,3.0,2.0,3.0,2.0,1.0,0.0
889,5.0,3.0,5.0,2.0,4.0,4.0,5.0,4.0,2.0,2.0,1.0,0.0
890,4.0,5.0,4.0,5.0,5.0,2.0,2.0,2.0,5.0,4.0,1.0,0.0
891,4.0,5.0,2.0,6.0,6.0,1.0,2.0,1.0,6.0,6.0,3.0,1.0
894,3.0,5.0,4.0,4.0,5.0,3.0,2.0,2.0,5.0,4.0,2.0,0.0
897,4.0,3.0,5.0,3.0,4.0,5.0,5.0,4.0,2.0,3.0,1.0,0.0
899,5.0,3.0,5.0,3.0,4.0,4.0,5.0,4.0,2.0,1.0,1.0,0.0
900,4.0,5.0,5.0,5.0,6.0,2.0,4.0,2.0,4.0,4.0,1.0,0.0
901,5.0,3.0,5.0,4.0,5.0,2.0,3.0,1.0,3.0,2.0,1.0,0.0
903,4.0,3.0,5.0,4.0,5.0,4.0,4.0,3.0,3.0,3.0,1.0,0.0
904,5.0,4.0,5.0,4.0,4.0,5.0,5.0,4.0,2.0,3.0,1.0,0.0
906,5.0,2.0,6.0,3.0,4.0,5.0,5.0,4.0,2.0,1.0,1.0,0.0
907,5.0,3.0,5.0,4.0,3.0,4.0,5.0,3.0,2.0,3.0,1.0,0.0
908,4.0,3.0,5.0,3.0,4.0,4.0,5.0,2.0,3.0,2.0,1.0,0.0
909,4.0,3.0,5.0,4.0,5.0,2.0,4.0,3.0,4.0,3.0,1.0,0.0
910,5.0,3.0,5.0,3.0,3.0,4.0,5.0,3.0,2.0,2.0,1.0,0.0
911,5.0,2.0,6.0,2.0,3.0,5.0,5.0,4.0,2.0,2.0,1.0,0.0
914,5.0,2.0,5.0,3.0,3.0,5.0,5.0,4.0,2.0,1.0,1.0,0.0
915,2.0,6.0,1.0,6.0,6.0,1.0,2.0,1.0,5.0,5.0,2.0,1.0
919,4.0,5.0,5.0,5.0,6.0,3.0,2.0,1.0,5.0,6.0,2.0,0.0
920,5.0,4.0,5.0,4.0,5.0,3.0,5.0,3.0,3.0,2.0,1.0,0.0
925,4.0,5.0,5.0,4.0,6.0,2.0,4.0,2.0,5.0,4.0,1.0,0.0
927,4.0,5.0,4.0,5.0,6.0,2.0,3.0,2.0,5.0,4.0,2.0,0.0
928,5.0,3.0,6.0,3.0,3.0,5.0,5.0,4.0,2.0,2.0,1.0,0.0
929,4.0,3.0,5.0,4.0,4.0,2.0,3.0,2.0,3.0,2.0,1.0,0.0
932,5.0,3.0,5.0,4.0,5.0,3.0,4.0,2.0,3.0,3.0,1.0,0.0
935,5.0,3.0,5.0,4.0,4.0,5.0,5.0,4.0,2.0,3.0,1.0,0.0
936,5.0,3.0,5.0,3.0,4.0,5.0,5.0,4.0,3.0,2.0,1.0,0.0
939,4.0,5.0,4.0,5.0,5.0,3.0,4.0,3.0,4.0,5.0,2.0,0.0
940,5.0,3.0,5.0,3.0,4.0,5.0,5.0,3.0,2.0,2.0,1.0,0.0
942,4.0,3.0,5.0,3.0,3.0,5.0,5.0,4.0,2.0,1.0,1.0,0.0
946,2.0,6.0,3.0,6.0,6.0,1.0,2.0,1.0,5.0,5.0,4.0,1.0
947,5.0,3.0,5.0,4.0,5.0,2.0,4.0,2.0,3.0,4.0,1.0,0.0
950,4.0,3.0,5.0,3.0,4.0,4.0,5.0,4.0,3.0,3.0,1.0,0.0
951,4.0,2.0,5.0,3.0,3.0,5.0,4.0,4.0,2.0,3.0,1.0,0.0
956,2.0,6.0,3.0,5.0,6.0,1.0,2.0,1.0,5.0,5.0,2.0,0.0
957,5.0,3.0,5.0,3.0,4.0,5.0,5.0,4.0,2.0,1.0,1.0,0.0
959,5.0,3.0,5.0,3.0,4.0,4.0,5.0,2.0,4.0,3.0,1.0,0.0
965,3.0,5.0,4.0,5.0,6.0,2.0,2.0,1.0,3.0,4.0,1.0,0.0
966,4.0,3.0,5.0,2.0,3.0,5.0,5.0,4.0,2.0,1.0,1.0,0.0
967,2.0,6.0,1.0,6.0,6.0,1.0,1.0,1.0,6.0,6.0,4.0,1.0
970,4.0,5.0,4.0,5.0,6.0,2.0,2.0,1.0,4.0,3.0,1.0,0.0
971,5.0,3.0,5.0,4.0,4.0,5.0,5.0,3.0,3.0,2.0,1.0,0.0
972,5.0,3.0,5.0,3.0,4.0,4.0,5.0,3.0,2.0,3.0,1.0,0.0
977,5.0,3.0,4.0,3.0,4.0,4.0,5.0,3.0,2.0,2.0,1.0,0.0
979,5.0,3.0,5.0,2.0,3.0,5.0,5.0,4.0,1.0,2.0,1.0,0.0
980,5.0,3.0,5.0,3.0,5.0,2.0,4.0,3.0,3.0,4.0,1.0,0.0
981,4.0,5.0,5.0,3.0,4.0,4.0,5.0,3.0,2.0,3.0,1.0,0.0
984,4.0,4.0,5.0,4.0,5.0,3.0,4.0,3.0,3.0,4.0,1.0,0.0
985,4.0,3.0,5.0,3.0,4.0,4.0,5.0,3.0,2.0,1.0,1.0,0.0
986,4.0,5.0,5.0,5.0,6.0,2.0,3.0,2.0,5.0,5.0,2.0,0.0
988,4.0,3.0,5.0,3.0,4.0,5.0,5.0,4.0,2.0,2.0,1.0,0.0
989,5.0,4.0,5.0,3.0,4.0,4.0,5.0,3.0,2.0,3.0,1.0,0.0
990,5.0,3.0,5.0,3.0,4.0,5.0,5.0,4.0,2.0,2.0,1.0,0.0
993,4.0,5.0,4.0,5.0,6.0,2.0,2.0,1.0,5.0,5.0,2.0,0.0
994,5.0,2.0,5.0,3.0,3.0,5.0,5.0,3.0,2.0,3.0,1.0,0.0
995,4.0,5.0,3.0,4.0,5.0,4.0,4.0,2.0,3.0,3.0,1.0,0.0
997,5.0,4.0,6.0,3.0,3.0,5.0,5.0,4.0,2.0,1.0,1.0,0.0
998,4.0,3.0,5.0,3.0,4.0,5.0,5.0,2.0,1.0,2.0,1.0,0.0
999,5.0,3.0,5.0,3.0,4.0,4.0,5.0,2.0,2.0,1.0,1.0,0.0
